"ExperimentName","YearCatch","YearHatch","TubeID","AreaShortName","Site","Tree","NovemberDate","ClutchID","CaterpillarID","Treatment","HatchAprilDay","DeadAprilDay","PupationAprilDay","PupaWeight_ingrams","AdultNovDate","AdultWeight_ingrams","Sex","Remarks"
"CatFoodExp2021",2020,2022,16331,"WA",1,1,16,33359,5751,"ChangDay-4",29,50,NA,NA,NA,NA,NA,NA
"CatFoodExp2021",2020,2022,16331,"WA",1,1,16,33359,5752,"ChangDay-4",29,50,NA,NA,NA,NA,NA,NA
"CatFoodExp2021",2020,2022,16331,"WA",1,1,16,33360,5753,"ConstDay-2",31,62,NA,NA,NA,NA,NA,NA
"CatFoodExp2021",2020,2022,16331,"WA",1,1,16,33360,5754,"ConstDay-2",31,50,NA,NA,NA,NA,NA,NA
"CatFoodExp2021",2020,2022,16331,"WA",1,1,16,33360,5755,"ConstDay-4",29,50,NA,NA,NA,NA,NA,NA
"CatFoodExp2021",2020,2022,16331,"WA",1,1,16,33360,5756,"ConstDay-4",29,50,NA,NA,NA,NA,NA,NA
"CatFoodExp2021",2020,2022,16331,"WA",1,1,16,33361,5757,"ConstDay-4",29,50,NA,NA,NA,NA,NA,NA
"CatFoodExp2021",2020,2022,16331,"WA",1,1,16,33361,5758,"ConstDay-2",31,52,NA,NA,NA,NA,NA,NA
"CatFoodExp2021",2020,2022,16331,"WA",1,1,16,33361,5759,"ChangDay-1",32,52,NA,NA,NA,NA,NA,NA
"CatFoodExp2021",2020,2022,16331,"WA",1,1,16,33361,5760,"ChangDay-1",32,52,NA,NA,NA,NA,NA,NA
"CatFoodExp2021",2020,2022,16331,"WA",1,1,16,33362,5761,"ChangDay-1",32,52,NA,NA,NA,NA,NA,NA
"CatFoodExp2021",2020,2022,16331,"WA",1,1,16,33362,5762,"ChangDay-4",29,50,NA,NA,NA,NA,NA,NA
"CatFoodExp2021",2020,2022,16331,"WA",1,1,16,33362,5763,"ChangDay-3",30,50,NA,NA,NA,NA,NA,NA
"CatFoodExp2021",2020,2022,16331,"WA",1,1,16,33362,5764,"ChangDay-3",30,50,NA,NA,NA,NA,NA,NA
"CatFoodExp2021",2020,2022,16331,"WA",1,1,16,33362,5765,"ChangDay-2",31,52,NA,NA,NA,NA,NA,NA
"CatFoodExp2021",2020,2022,16331,"WA",1,1,16,33362,5766,"ChangDay-2",31,52,NA,NA,NA,NA,NA,NA
"CatFoodExp2021",2020,2022,16331,"WA",1,1,16,33362,5767,"ChangDay-2",31,52,NA,NA,NA,NA,NA,NA
"CatFoodExp2021",2020,2022,16331,"WA",1,1,16,33362,5768,"ConstDay0",33,54,NA,NA,NA,NA,NA,NA
"CatFoodExp2021",2020,2022,16331,"WA",1,1,16,33362,5769,"ConstDay0",33,54,NA,NA,NA,NA,NA,NA
"CatFoodExp2021",2020,2022,16331,"WA",1,1,16,33362,5770,"ChangDay0",33,54,NA,NA,NA,NA,NA,NA
"CatFoodExp2021",2020,2022,16331,"WA",1,1,16,33363,5771,"ChangDay0",33,NA,72,0.029,NA,NA,NA,NA
"CatFoodExp2021",2020,2022,16331,"WA",1,1,16,33363,5772,"ChangDay0",33,NA,68,0.046,NA,NA,NA,NA
"CatFoodExp2021",2020,2022,16331,"WA",1,1,16,33363,5773,"ConstDay0",33,NA,70,0.05,NA,NA,NA,NA
"CatFoodExp2021",2020,2022,16331,"WA",1,1,16,33363,5774,"ChangDay-3",30,50,NA,NA,NA,NA,NA,NA
"CatFoodExp2021",2020,2022,16331,"WA",1,1,16,33364,5775,"ChangDay+1",34,54,NA,NA,NA,NA,NA,NA
"CatFoodExp2021",2020,2022,16331,"WA",1,1,16,33364,5776,"ChangDay+1",34,62,NA,NA,NA,NA,NA,NA
"CatFoodExp2021",2020,2022,16331,"WA",1,1,16,33364,5777,"ChangDay+1",34,54,NA,NA,NA,NA,NA,NA
"CatFoodExp2021",2020,2022,16331,"WA",1,1,16,33365,5778,"ConstDay+2",35,63,NA,NA,NA,NA,NA,NA
"CatFoodExp2021",2020,2022,16331,"WA",1,1,16,33365,5779,"ChangDay+2",35,NA,72,0.029,NA,NA,NA,NA
"CatFoodExp2021",2020,2022,16331,"WA",1,1,16,33365,5780,"ChangDay+3",36,58,NA,NA,NA,NA,NA,NA
"CatFoodExp2021",2020,2022,16331,"WA",1,1,16,33365,5781,"ChangDay+3",36,NA,79,0.015,NA,NA,NA,NA
"CatFoodExp2021",2020,2022,16331,"WA",1,1,16,33365,5782,"ChangDay+3",36,NA,72,0.036,31,0.012,"male",NA
"CatFoodExp2021",2020,2022,16331,"WA",1,1,16,33366,5783,"ChangDay+2",35,62,NA,NA,NA,NA,NA,NA
"CatFoodExp2021",2020,2022,16331,"WA",1,1,16,33366,5784,"ChangDay+2",35,NA,70,0.036,NA,NA,NA,NA
"CatFoodExp2021",2020,2022,16331,"WA",1,1,16,33366,5785,"ConstDay+2",35,NA,70,0.043,NA,NA,NA,NA
"CatFoodExp2021",2020,2022,16331,"WA",1,1,16,33366,5786,"ConstDay+2",35,58,NA,NA,NA,NA,NA,NA
"CatFoodExp2021",2020,2022,16347,"HV",7,6,16,33367,5787,"ChangDay-3",30,50,NA,NA,NA,NA,NA,NA
"CatFoodExp2021",2020,2022,16347,"HV",7,6,16,33367,5788,"ChangDay-3",30,50,NA,NA,NA,NA,NA,NA
"CatFoodExp2021",2020,2022,16347,"HV",7,6,16,33367,5789,"ChangDay-3",30,50,NA,NA,NA,NA,NA,NA
"CatFoodExp2021",2020,2022,16347,"HV",7,6,16,33367,5790,"ChangDay-4",29,50,NA,NA,NA,NA,NA,NA
"CatFoodExp2021",2020,2022,16347,"HV",7,6,16,33367,5791,"ChangDay-4",29,50,NA,NA,NA,NA,NA,NA
"CatFoodExp2021",2020,2022,16347,"HV",7,6,16,33367,5792,"ConstDay-4",29,50,NA,NA,NA,NA,NA,NA
"CatFoodExp2021",2020,2022,16347,"HV",7,6,16,33367,5793,"ConstDay-4",29,50,NA,NA,NA,NA,NA,NA
"CatFoodExp2021",2020,2022,16347,"HV",7,6,16,33367,5794,"ConstDay-4",29,50,NA,NA,NA,NA,NA,NA
"CatFoodExp2021",2020,2022,16347,"HV",7,6,16,33367,5795,"ConstDay-2",31,52,NA,NA,NA,NA,NA,NA
"CatFoodExp2021",2020,2022,16347,"HV",7,6,16,33367,5796,"ChangDay-1",32,NA,70,0.049,NA,NA,NA,NA
"CatFoodExp2021",2020,2022,16347,"HV",7,6,16,33368,5797,"ChangDay-1",32,52,NA,NA,NA,NA,NA,NA
"CatFoodExp2021",2020,2022,16347,"HV",7,6,16,33368,5798,"ChangDay-1",32,52,NA,NA,NA,NA,NA,NA
"CatFoodExp2021",2020,2022,16347,"HV",7,6,16,33368,5799,"ConstDay-2",31,63,NA,NA,NA,NA,NA,NA
"CatFoodExp2021",2020,2022,16347,"HV",7,6,16,33368,5800,"ChangDay-4",29,50,NA,NA,NA,NA,NA,NA
"CatFoodExp2021",2020,2022,16347,"HV",7,6,16,33368,5801,"ChangDay0",33,54,NA,NA,NA,NA,NA,NA
"CatFoodExp2021",2020,2022,16347,"HV",7,6,16,33368,5802,"ConstDay0",33,NA,68,0.053,NA,NA,NA,NA
"CatFoodExp2021",2020,2022,16347,"HV",7,6,16,33369,5803,"ConstDay0",33,54,NA,NA,NA,NA,NA,NA
"CatFoodExp2021",2020,2022,16347,"HV",7,6,16,33369,5804,"ChangDay+1",34,NA,68,0.047,NA,NA,NA,NA
"CatFoodExp2021",2020,2022,16347,"HV",7,6,16,33369,5805,"ChangDay+1",34,54,NA,NA,NA,NA,NA,NA
"CatFoodExp2021",2020,2022,16347,"HV",7,6,16,33369,5806,"ChangDay+1",34,54,NA,NA,NA,NA,NA,NA
"CatFoodExp2021",2020,2022,16347,"HV",7,6,16,33370,5807,"ChangDay0",33,54,NA,NA,NA,NA,NA,NA
"CatFoodExp2021",2020,2022,16347,"HV",7,6,16,33370,5808,"ConstDay-2",31,52,NA,NA,NA,NA,NA,NA
"CatFoodExp2021",2020,2022,16347,"HV",7,6,16,33370,5809,"ChangDay-2",31,52,NA,NA,NA,NA,NA,NA
"CatFoodExp2021",2020,2022,16347,"HV",7,6,16,33370,5810,"ChangDay-2",31,52,NA,NA,NA,NA,NA,NA
"CatFoodExp2021",2020,2022,16347,"HV",7,6,16,33370,5811,"ChangDay-2",31,52,NA,NA,NA,NA,NA,NA
"CatFoodExp2021",2020,2022,16347,"HV",7,6,16,33371,5812,"ChangDay0",33,54,NA,NA,NA,NA,NA,NA
"CatFoodExp2021",2020,2022,16347,"HV",7,6,16,33371,5813,"ConstDay0",33,54,NA,NA,NA,NA,NA,NA
"CatFoodExp2021",2020,2022,16347,"HV",7,6,16,33371,5814,"ChangDay+2",35,56,NA,NA,NA,NA,NA,NA
"CatFoodExp2021",2020,2022,16347,"HV",7,6,16,33371,5815,"ConstDay+2",35,NA,70,0.036,NA,NA,NA,NA
"CatFoodExp2021",2020,2022,16347,"HV",7,6,16,33373,5816,"ChangDay+2",35,56,NA,NA,NA,NA,NA,NA
"CatFoodExp2021",2020,2022,16347,"HV",7,6,16,33373,5817,"ChangDay+4",37,NA,79,0.012,NA,NA,NA,NA
"CatFoodExp2021",2020,2022,16347,"HV",7,6,16,33373,5818,"ChangDay+4",37,58,NA,NA,NA,NA,NA,NA
"CatFoodExp2021",2020,2022,16347,"HV",7,6,16,33373,5819,"ChangDay+4",37,NA,72,0.042,NA,NA,NA,NA
"CatFoodExp2021",2020,2022,16347,"HV",7,6,16,33373,5820,"ConstDay+4",37,NA,72,0.027,NA,NA,NA,NA
"CatFoodExp2021",2020,2022,16347,"HV",7,6,16,33373,5821,"ConstDay+4",37,NA,72,0.022,NA,NA,NA,NA
"CatFoodExp2021",2020,2022,16347,"HV",7,6,16,33373,5822,"ChangDay+5",38,58,NA,NA,NA,NA,NA,NA
"CatFoodExp2021",2020,2022,16347,"HV",7,6,16,33373,5823,"ChangDay+5",38,58,NA,NA,NA,NA,NA,NA
"CatFoodExp2021",2020,2022,16347,"HV",7,6,16,33373,5824,"ChangDay+5",38,58,NA,NA,NA,NA,NA,NA
"CatFoodExp2021",2020,2022,16347,"HV",7,6,16,33374,5825,"ConstDay+4",37,NA,70,0.045,48,0.021,"male","still wet wings at weighing"
"CatFoodExp2021",2020,2022,16347,"HV",7,6,16,33374,5826,"ChangDay+3",36,56,NA,NA,NA,NA,NA,NA
"CatFoodExp2021",2020,2022,16347,"HV",7,6,16,33374,5827,"ChangDay+2",35,NA,70,0.032,NA,NA,NA,NA
"CatFoodExp2021",2020,2022,16347,"HV",7,6,16,33374,5828,"ConstDay+2",35,56,NA,NA,NA,NA,NA,NA
"CatFoodExp2021",2020,2022,16347,"HV",7,6,16,33374,5829,"ConstDay+2",35,NA,70,0.028,NA,NA,NA,NA
"CatFoodExp2021",2020,2022,16347,"HV",7,6,16,33375,5830,"ChangDay+3",36,62,NA,NA,NA,NA,NA,NA
"CatFoodExp2021",2020,2022,16347,"HV",7,6,16,33375,5831,"ChangDay+3",36,70,NA,NA,NA,NA,NA,NA
"CatFoodExp2021",2020,2022,16400,"OH",6,1,23,33378,5832,"ConstDay-2",31,63,NA,NA,NA,NA,NA,NA
"CatFoodExp2021",2020,2022,16400,"OH",6,1,23,33378,5833,"ChangDay-4",29,50,NA,NA,NA,NA,NA,NA
"CatFoodExp2021",2020,2022,16400,"OH",6,1,23,33378,5834,"ChangDay-4",29,50,NA,NA,NA,NA,NA,NA
"CatFoodExp2021",2020,2022,16400,"OH",6,1,23,33378,5835,"ConstDay-4",29,NA,77,0.076,NA,NA,NA,NA
"CatFoodExp2021",2020,2022,16400,"OH",6,1,23,33378,5836,"ConstDay-4",29,50,NA,NA,NA,NA,NA,NA
"CatFoodExp2021",2020,2022,16400,"OH",6,1,23,33378,5837,"ChangDay-3",30,50,NA,NA,NA,NA,NA,NA
"CatFoodExp2021",2020,2022,16400,"OH",6,1,23,33378,5838,"ChangDay-3",30,50,NA,NA,NA,NA,NA,NA
"CatFoodExp2021",2020,2022,16400,"OH",6,1,23,33379,5839,"ChangDay-3",30,50,NA,NA,NA,NA,NA,NA
"CatFoodExp2021",2020,2022,16400,"OH",6,1,23,33379,5840,"ConstDay-2",31,52,NA,NA,NA,NA,NA,NA
"CatFoodExp2021",2020,2022,16400,"OH",6,1,23,33379,5841,"ConstDay-2",31,52,NA,NA,NA,NA,NA,NA
"CatFoodExp2021",2020,2022,16400,"OH",6,1,23,33379,5842,"ChangDay-1",32,52,NA,NA,NA,NA,NA,NA
"CatFoodExp2021",2020,2022,16400,"OH",6,1,23,33379,5843,"ChangDay0",33,54,NA,NA,NA,NA,NA,NA
"CatFoodExp2021",2020,2022,16400,"OH",6,1,23,33380,5844,"ChangDay0",33,54,NA,NA,NA,NA,NA,NA
"CatFoodExp2021",2020,2022,16400,"OH",6,1,23,33380,5845,"ChangDay0",33,54,NA,NA,NA,NA,NA,NA
"CatFoodExp2021",2020,2022,16400,"OH",6,1,23,33380,5846,"ChangDay+1",34,NA,75,0.023,NA,NA,NA,NA
"CatFoodExp2021",2020,2022,16400,"OH",6,1,23,33380,5847,"ChangDay-2",31,52,NA,NA,NA,NA,NA,NA
"CatFoodExp2021",2020,2022,16400,"OH",6,1,23,33381,5848,"ChangDay-2",31,NA,68,0.035,NA,NA,NA,NA
"CatFoodExp2021",2020,2022,16400,"OH",6,1,23,33381,5849,"ChangDay-2",31,52,NA,NA,NA,NA,NA,NA
"CatFoodExp2021",2020,2022,16400,"OH",6,1,23,33381,5850,"ChangDay-1",32,52,NA,NA,NA,NA,NA,NA
"CatFoodExp2021",2020,2022,16400,"OH",6,1,23,33381,5851,"ChangDay-1",32,NA,63,0.05,NA,NA,NA,NA
"CatFoodExp2021",2020,2022,16400,"OH",6,1,23,33381,5852,"ChangDay-4",29,50,NA,NA,NA,NA,NA,NA
"CatFoodExp2021",2020,2022,16400,"OH",6,1,23,33382,5853,"ChangDay+2",35,NA,72,0.031,NA,NA,NA,NA
"CatFoodExp2021",2020,2022,16400,"OH",6,1,23,33382,5854,"ConstDay+2",35,63,NA,NA,NA,NA,NA,NA
"CatFoodExp2021",2020,2022,16400,"OH",6,1,23,33382,5855,"ConstDay0",33,NA,70,0.059,NA,NA,NA,NA
"CatFoodExp2021",2020,2022,16400,"OH",6,1,23,33382,5856,"ConstDay0",33,NA,68,0.039,NA,NA,NA,NA
"CatFoodExp2021",2020,2022,16400,"OH",6,1,23,33382,5857,"ConstDay0",33,NA,72,0.039,NA,NA,NA,NA
"CatFoodExp2021",2020,2022,16400,"OH",6,1,23,33383,5858,"ConstDay+2",35,NA,70,0.047,NA,NA,NA,NA
"CatFoodExp2021",2020,2022,16400,"OH",6,1,23,33383,5859,"ConstDay+2",35,NA,79,0.022,NA,NA,NA,NA
"CatFoodExp2021",2020,2022,16400,"OH",6,1,23,33383,5860,"ChangDay+2",35,NA,72,0.042,NA,NA,NA,NA
"CatFoodExp2021",2020,2022,16400,"OH",6,1,23,33383,5861,"ChangDay+2",35,56,NA,NA,NA,NA,NA,NA
"CatFoodExp2021",2020,2022,16400,"OH",6,1,23,33383,5862,"ChangDay+1",34,NA,77,0.061,NA,NA,NA,NA
"CatFoodExp2021",2020,2022,16400,"OH",6,1,23,33383,5863,"ChangDay+1",34,NA,70,0.036,NA,NA,NA,NA
"CatFoodExp2021",2020,2022,16400,"OH",6,1,23,33384,5864,"ChangDay+4",37,89,NA,NA,NA,NA,NA,NA
"CatFoodExp2021",2020,2022,16400,"OH",6,1,23,33384,5865,"ChangDay+4",37,68,NA,NA,NA,NA,NA,NA
"CatFoodExp2021",2020,2022,16400,"OH",6,1,23,33384,5866,"ChangDay+4",37,NA,75,0.042,NA,NA,NA,NA
"CatFoodExp2021",2020,2022,16400,"OH",6,1,23,33384,5867,"ConstDay+4",37,58,NA,NA,NA,NA,NA,NA
"CatFoodExp2021",2020,2022,16400,"OH",6,1,23,33384,5868,"ConstDay+4",37,NA,77,0.03,NA,NA,NA,NA
"CatFoodExp2021",2020,2022,16400,"OH",6,1,23,33384,5869,"ConstDay+4",37,58,NA,NA,NA,NA,NA,NA
"CatFoodExp2021",2020,2022,16400,"OH",6,1,23,33385,5870,"ChangDay+3",36,NA,79,0.02,NA,NA,NA,NA
"CatFoodExp2021",2020,2022,16400,"OH",6,1,23,33385,5871,"ChangDay+3",36,62,NA,NA,NA,NA,NA,NA
"CatFoodExp2021",2020,2022,16400,"OH",6,1,23,33385,5872,"ChangDay+3",36,NA,75,0.027,NA,NA,NA,NA
"CatFoodExp2021",2020,2022,16400,"OH",6,1,23,33386,5873,"ChangDay+5",38,NA,75,0.036,NA,NA,NA,NA
"CatFoodExp2021",2020,2022,16400,"OH",6,1,23,33386,5874,"ChangDay+5",38,58,NA,NA,NA,NA,NA,NA
"CatFoodExp2021",2020,2022,16400,"OH",6,1,23,33386,5875,"ChangDay+5",38,NA,70,0.048,NA,NA,NA,NA
"CatFoodExp2021",2020,2022,16403,"OH",6,8,23,33389,5876,"ChangDay-3",30,50,NA,NA,NA,NA,NA,NA
"CatFoodExp2021",2020,2022,16403,"OH",6,8,23,33390,5877,"ChangDay-3",30,50,NA,NA,NA,NA,NA,NA
"CatFoodExp2021",2020,2022,16403,"OH",6,8,23,33390,5878,"ChangDay-4",29,50,NA,NA,NA,NA,NA,NA
"CatFoodExp2021",2020,2022,16403,"OH",6,8,23,33390,5879,"ConstDay-4",29,50,NA,NA,NA,NA,NA,NA
"CatFoodExp2021",2020,2022,16403,"OH",6,8,23,33390,5880,"ConstDay-4",29,50,NA,NA,NA,NA,NA,NA
"CatFoodExp2021",2020,2022,16403,"OH",6,8,23,33390,5881,"ConstDay-4",29,50,NA,NA,NA,NA,NA,NA
"CatFoodExp2021",2020,2022,16403,"OH",6,8,23,33391,5882,"ChangDay-4",29,50,NA,NA,NA,NA,NA,NA
"CatFoodExp2021",2020,2022,16403,"OH",6,8,23,33391,5883,"ChangDay-4",29,50,NA,NA,NA,NA,NA,NA
"CatFoodExp2021",2020,2022,16403,"OH",6,8,23,33391,5884,"ChangDay-3",30,50,NA,NA,NA,NA,NA,NA
"CatFoodExp2021",2020,2022,16403,"OH",6,8,23,33391,5885,"ChangDay-1",32,52,NA,NA,NA,NA,NA,NA
"CatFoodExp2021",2020,2022,16403,"OH",6,8,23,33391,5886,"ConstDay-2",31,62,NA,NA,NA,NA,NA,NA
"CatFoodExp2021",2020,2022,16403,"OH",6,8,23,33392,5887,"ConstDay-2",31,58,NA,NA,NA,NA,NA,NA
"CatFoodExp2021",2020,2022,16403,"OH",6,8,23,33392,5888,"ChangDay-2",31,52,NA,NA,NA,NA,NA,NA
"CatFoodExp2021",2020,2022,16403,"OH",6,8,23,33392,5889,"ChangDay-1",32,NA,72,0.024,NA,NA,NA,NA
"CatFoodExp2021",2020,2022,16403,"OH",6,8,23,33392,5890,"ChangDay-1",32,52,NA,NA,NA,NA,NA,NA
"CatFoodExp2021",2020,2022,16403,"OH",6,8,23,33393,5891,"ChangDay-2",31,52,NA,NA,NA,NA,NA,NA
"CatFoodExp2021",2020,2022,16403,"OH",6,8,23,33393,5892,"ChangDay-2",31,52,NA,NA,NA,NA,NA,NA
"CatFoodExp2021",2020,2022,16403,"OH",6,8,23,33393,5893,"ConstDay-2",31,52,NA,NA,NA,NA,NA,NA
"CatFoodExp2021",2020,2022,16403,"OH",6,8,23,33394,5894,"ChangDay0",33,NA,65,0.046,NA,NA,NA,NA
"CatFoodExp2021",2020,2022,16403,"OH",6,8,23,33394,5895,"ChangDay0",33,62,NA,NA,NA,NA,NA,NA
"CatFoodExp2021",2020,2022,16403,"OH",6,8,23,33394,5896,"ChangDay0",33,54,NA,NA,NA,NA,NA,NA
"CatFoodExp2021",2020,2022,16403,"OH",6,8,23,33394,5897,"ConstDay0",33,NA,70,0.042,NA,NA,NA,NA
"CatFoodExp2021",2020,2022,16403,"OH",6,8,23,33394,5898,"ConstDay0",33,52,NA,NA,NA,NA,NA,NA
"CatFoodExp2021",2020,2022,16403,"OH",6,8,23,33394,5899,"ConstDay0",33,54,NA,NA,NA,NA,NA,NA
"CatFoodExp2021",2020,2022,16403,"OH",6,8,23,33395,5900,"ChangDay+1",34,62,NA,NA,NA,NA,NA,NA
"CatFoodExp2021",2020,2022,16403,"OH",6,8,23,33395,5901,"ChangDay+1",34,54,NA,NA,NA,NA,NA,NA
"CatFoodExp2021",2020,2022,16403,"OH",6,8,23,33395,5902,"ChangDay+1",34,NA,70,0.04,NA,NA,NA,NA
"CatFoodExp2021",2020,2022,16403,"OH",6,8,23,33397,5903,"ChangDay+2",35,NA,77,0.017,NA,NA,NA,NA
"CatFoodExp2021",2020,2022,16403,"OH",6,8,23,33397,5904,"ChangDay+2",35,NA,70,0.046,NA,NA,NA,NA
"CatFoodExp2021",2020,2022,16403,"OH",6,8,23,33397,5905,"ChangDay+2",35,NA,72,0.047,NA,NA,NA,NA
"CatFoodExp2021",2020,2022,16403,"OH",6,8,23,33397,5906,"ConstDay+2",35,NA,77,0.075,NA,NA,NA,NA
"CatFoodExp2021",2020,2022,16403,"OH",6,8,23,33397,5907,"ConstDay+2",35,63,NA,NA,NA,NA,NA,NA
"CatFoodExp2021",2020,2022,16403,"OH",6,8,23,33397,5908,"ConstDay+2",35,56,NA,NA,NA,NA,NA,NA
"CatFoodExp2021",2020,2022,16413,"DO",1,2,23,33398,5909,"ChangDay-3",30,50,NA,NA,NA,NA,NA,NA
"CatFoodExp2021",2020,2022,16413,"DO",1,2,23,33398,5910,"ConstDay-4",29,50,NA,NA,NA,NA,NA,NA
"CatFoodExp2021",2020,2022,16413,"DO",1,2,23,33398,5911,"ConstDay-4",29,50,NA,NA,NA,NA,NA,NA
"CatFoodExp2021",2020,2022,16413,"DO",1,2,23,33398,5912,"ConstDay-4",29,50,NA,NA,NA,NA,NA,NA
"CatFoodExp2021",2020,2022,16413,"DO",1,2,23,33399,5913,"ChangDay-4",29,50,NA,NA,NA,NA,NA,NA
"CatFoodExp2021",2020,2022,16413,"DO",1,2,23,33399,5914,"ChangDay-4",29,50,NA,NA,NA,NA,NA,NA
"CatFoodExp2021",2020,2022,16413,"DO",1,2,23,33399,5915,"ChangDay-3",30,50,NA,NA,NA,NA,NA,NA
"CatFoodExp2021",2020,2022,16413,"DO",1,2,23,33399,5916,"ChangDay-3",30,50,NA,NA,NA,NA,NA,NA
"CatFoodExp2021",2020,2022,16413,"DO",1,2,23,33399,5917,"ConstDay-2",31,52,NA,NA,NA,NA,NA,NA
"CatFoodExp2021",2020,2022,16413,"DO",1,2,23,33399,5918,"ConstDay-2",31,58,NA,NA,NA,NA,NA,NA
"CatFoodExp2021",2020,2022,16413,"DO",1,2,23,33399,5919,"ConstDay-2",31,52,NA,NA,NA,NA,NA,NA
"CatFoodExp2021",2020,2022,16413,"DO",1,2,23,33399,5920,"ChangDay-1",32,52,NA,NA,NA,NA,NA,NA
"CatFoodExp2021",2020,2022,16413,"DO",1,2,23,33400,5921,"ChangDay-1",32,52,NA,NA,NA,NA,NA,NA
"CatFoodExp2021",2020,2022,16413,"DO",1,2,23,33400,5922,"ChangDay-1",32,52,NA,NA,NA,NA,NA,NA
"CatFoodExp2021",2020,2022,16413,"DO",1,2,23,33400,5923,"ChangDay-2",31,52,NA,NA,NA,NA,NA,NA
"CatFoodExp2021",2020,2022,16413,"DO",1,2,23,33400,5924,"ChangDay-2",31,52,NA,NA,NA,NA,NA,NA
"CatFoodExp2021",2020,2022,16413,"DO",1,2,23,33400,5925,"ChangDay-2",31,52,NA,NA,NA,NA,NA,NA
"CatFoodExp2021",2020,2022,16413,"DO",1,2,23,33400,5926,"ChangDay-4",29,NA,75,0.045,NA,NA,NA,NA
"CatFoodExp2021",2020,2022,16413,"DO",1,2,23,33402,5927,"ChangDay0",33,54,NA,NA,NA,NA,NA,NA
"CatFoodExp2021",2020,2022,16413,"DO",1,2,23,33402,5928,"ChangDay0",33,NA,70,0.032,NA,NA,NA,NA
"CatFoodExp2021",2020,2022,16413,"DO",1,2,23,33402,5929,"ChangDay0",33,NA,75,0.02,NA,NA,NA,NA
"CatFoodExp2021",2020,2022,16413,"DO",1,2,23,33402,5930,"ConstDay0",33,54,NA,NA,NA,NA,NA,NA
"CatFoodExp2021",2020,2022,16413,"DO",1,2,23,33402,5931,"ConstDay0",33,NA,72,0.042,NA,NA,NA,NA
"CatFoodExp2021",2020,2022,16413,"DO",1,2,23,33402,5932,"ConstDay0",33,54,NA,NA,NA,NA,NA,NA
"CatFoodExp2021",2020,2022,16413,"DO",1,2,23,33403,5933,"ChangDay+1",34,65,NA,NA,NA,NA,NA,NA
"CatFoodExp2021",2020,2022,16413,"DO",1,2,23,33403,5934,"ChangDay+1",34,NA,72,0.028,NA,NA,NA,NA
"CatFoodExp2021",2020,2022,16413,"DO",1,2,23,33403,5935,"ChangDay+1",34,54,NA,NA,NA,NA,NA,NA
"CatFoodExp2021",2020,2022,16413,"DO",1,2,23,33404,5936,"ChangDay+2",35,NA,72,0.041,NA,NA,NA,NA
"CatFoodExp2021",2020,2022,16413,"DO",1,2,23,33404,5937,"ChangDay+2",35,NA,70,0.03,36,0.014,"male",NA
"CatFoodExp2021",2020,2022,16413,"DO",1,2,23,33404,5938,"ChangDay+2",35,56,NA,NA,NA,NA,NA,NA
"CatFoodExp2021",2020,2022,16413,"DO",1,2,23,33404,5939,"ConstDay+2",35,75,NA,NA,NA,NA,NA,NA
"CatFoodExp2021",2020,2022,16413,"DO",1,2,23,33404,5940,"ConstDay+2",35,NA,70,0.03,NA,NA,NA,NA
"CatFoodExp2021",2020,2022,16413,"DO",1,2,23,33404,5941,"ConstDay+2",35,NA,75,0.025,NA,NA,NA,NA
"CatFoodExp2021",2020,2022,16413,"DO",1,2,23,33404,5942,"ChangDay+3",36,58,NA,NA,NA,NA,NA,NA
"CatFoodExp2021",2020,2022,16413,"DO",1,2,23,33405,5943,"ChangDay+3",36,NA,75,0.037,NA,NA,NA,NA
"CatFoodExp2021",2020,2022,16413,"DO",1,2,23,33405,5944,"ChangDay+3",36,NA,72,0.031,NA,NA,NA,NA
"CatFoodExp2021",2020,2022,16413,"DO",1,2,23,33406,5945,"ChangDay+4",37,NA,79,0.018,NA,NA,NA,NA
"CatFoodExp2021",2020,2022,16413,"DO",1,2,23,33406,5946,"ChangDay+4",37,NA,77,0.026,NA,NA,NA,NA
"CatFoodExp2021",2020,2022,16413,"DO",1,2,23,33406,5947,"ConstDay+4",37,NA,84,0.014,NA,NA,NA,NA
"CatFoodExp2021",2020,2022,16413,"DO",1,2,23,33406,5948,"ConstDay+4",37,58,NA,NA,NA,NA,NA,NA
"CatFoodExp2021",2020,2022,16413,"DO",1,2,23,33406,5949,"ChangDay+5",38,91,NA,NA,NA,NA,NA,NA
"CatFoodExp2021",2020,2022,16413,"DO",1,2,23,33407,5950,"ChangDay+5",38,86,NA,NA,NA,NA,NA,NA
"CatFoodExp2021",2020,2022,16413,"DO",1,2,23,33407,5951,"ChangDay+5",38,58,NA,NA,NA,NA,NA,NA
"CatFoodExp2021",2020,2022,16413,"DO",1,2,23,33407,5952,"ChangDay+4",37,89,NA,NA,NA,NA,NA,NA
"CatFoodExp2021",2020,2022,16413,"DO",1,2,23,33407,5953,"ConstDay+4",37,NA,79,0.02,NA,NA,NA,NA
"CatFoodExp2021",2020,2022,16448,"WA",2,6,23,33409,5954,"ChangDay-4",29,50,NA,NA,NA,NA,NA,NA
"CatFoodExp2021",2020,2022,16448,"WA",2,6,23,33409,5955,"ChangDay-4",29,50,NA,NA,NA,NA,NA,NA
"CatFoodExp2021",2020,2022,16448,"WA",2,6,23,33409,5956,"ChangDay-4",29,50,NA,NA,NA,NA,NA,NA
"CatFoodExp2021",2020,2022,16448,"WA",2,6,23,33409,5957,"ConstDay-4",29,50,NA,NA,NA,NA,NA,NA
"CatFoodExp2021",2020,2022,16448,"WA",2,6,23,33409,5958,"ConstDay-4",29,50,NA,NA,NA,NA,NA,NA
"CatFoodExp2021",2020,2022,16448,"WA",2,6,23,33409,5959,"ConstDay-4",29,50,NA,NA,NA,NA,NA,NA
"CatFoodExp2021",2020,2022,16448,"WA",2,6,23,33409,5960,"ConstDay-2",31,52,NA,NA,NA,NA,NA,NA
"CatFoodExp2021",2020,2022,16448,"WA",2,6,23,33410,5961,"ConstDay-2",31,52,NA,NA,NA,NA,NA,NA
"CatFoodExp2021",2020,2022,16448,"WA",2,6,23,33410,5962,"ConstDay-2",31,50,NA,NA,NA,NA,NA,NA
"CatFoodExp2021",2020,2022,16448,"WA",2,6,23,33410,5963,"ChangDay-1",32,52,NA,NA,NA,NA,NA,NA
"CatFoodExp2021",2020,2022,16448,"WA",2,6,23,33410,5964,"ChangDay-3",30,50,NA,NA,NA,NA,NA,NA
"CatFoodExp2021",2020,2022,16448,"WA",2,6,23,33410,5965,"ChangDay-3",30,NA,65,0.049,NA,NA,NA,NA
"CatFoodExp2021",2020,2022,16448,"WA",2,6,23,33411,5966,"ChangDay-3",30,50,NA,NA,NA,NA,NA,NA
"CatFoodExp2021",2020,2022,16448,"WA",2,6,23,33411,5967,"ChangDay-1",32,52,NA,NA,NA,NA,NA,NA
"CatFoodExp2021",2020,2022,16448,"WA",2,6,23,33411,5968,"ChangDay-1",32,52,NA,NA,NA,NA,NA,NA
"CatFoodExp2021",2020,2022,16448,"WA",2,6,23,33411,5969,"ChangDay-2",31,52,NA,NA,NA,NA,NA,NA
"CatFoodExp2021",2020,2022,16448,"WA",2,6,23,33411,5970,"ChangDay-2",31,52,NA,NA,NA,NA,NA,NA
"CatFoodExp2021",2020,2022,16448,"WA",2,6,23,33411,5971,"ChangDay-2",31,52,NA,NA,NA,NA,NA,NA
"CatFoodExp2021",2020,2022,16448,"WA",2,6,23,33411,5972,"ChangDay0",33,54,NA,NA,NA,NA,NA,NA
"CatFoodExp2021",2020,2022,16448,"WA",2,6,23,33411,5973,"ChangDay0",33,54,NA,NA,NA,NA,NA,NA
"CatFoodExp2021",2020,2022,16448,"WA",2,6,23,33411,5974,"ConstDay0",33,54,NA,NA,NA,NA,NA,NA
"CatFoodExp2021",2020,2022,16448,"WA",2,6,23,33412,5975,"ConstDay0",33,NA,68,0.038,NA,NA,NA,NA
"CatFoodExp2021",2020,2022,16448,"WA",2,6,23,33412,5976,"ConstDay0",33,NA,68,0.037,NA,NA,NA,NA
"CatFoodExp2021",2020,2022,16448,"WA",2,6,23,33412,5977,"ChangDay0",33,54,NA,NA,NA,NA,NA,NA
"CatFoodExp2021",2020,2022,16448,"WA",2,6,23,33413,5978,"ChangDay+2",35,NA,72,0.032,NA,NA,NA,NA
"CatFoodExp2021",2020,2022,16448,"WA",2,6,23,33413,5979,"ChangDay+2",35,63,NA,NA,NA,NA,NA,NA
"CatFoodExp2021",2020,2022,16448,"WA",2,6,23,33413,5980,"ChangDay+2",35,56,NA,NA,NA,NA,NA,NA
"CatFoodExp2021",2020,2022,16448,"WA",2,6,23,33413,5981,"ChangDay+1",34,NA,70,0.041,NA,NA,NA,NA
"CatFoodExp2021",2020,2022,16448,"WA",2,6,23,33413,5982,"ChangDay+1",34,54,NA,NA,NA,NA,NA,NA
"CatFoodExp2021",2020,2022,16448,"WA",2,6,23,33413,5983,"ChangDay+1",34,NA,75,0.018,NA,NA,NA,NA
"CatFoodExp2021",2020,2022,16448,"WA",2,6,23,33414,5984,"ConstDay+2",35,NA,72,0.035,NA,NA,NA,NA
"CatFoodExp2021",2020,2022,16448,"WA",2,6,23,33414,5985,"ConstDay+2",35,NA,75,0.023,NA,NA,NA,NA
"CatFoodExp2021",2020,2022,16448,"WA",2,6,23,33414,5986,"ConstDay+2",35,56,NA,NA,NA,NA,NA,NA
"CatFoodExp2021",2020,2022,16448,"WA",2,6,23,33414,5987,"ChangDay+3",36,NA,77,0.02,NA,NA,NA,NA
"CatFoodExp2021",2020,2022,16448,"WA",2,6,23,33414,5988,"ChangDay+3",36,NA,72,0.022,NA,NA,NA,NA
"CatFoodExp2021",2020,2022,16448,"WA",2,6,23,33414,5989,"ChangDay+3",36,NA,70,0.043,NA,NA,NA,NA
"CatFoodExp2021",2020,2022,16448,"WA",2,6,23,33416,5990,"ChangDay+4",37,62,NA,NA,NA,NA,NA,NA
"CatFoodExp2021",2020,2022,16448,"WA",2,6,23,33416,5991,"ChangDay+4",37,68,NA,NA,NA,NA,NA,NA
"CatFoodExp2021",2020,2022,16448,"WA",2,6,23,33416,5992,"ConstDay+4",37,NA,75,0.021,NA,NA,NA,NA
"CatFoodExp2021",2020,2022,16448,"WA",2,6,23,33417,5993,"ConstDay+4",37,58,NA,NA,NA,NA,NA,NA
"CatFoodExp2021",2020,2022,16448,"WA",2,6,23,33417,5994,"ConstDay+4",37,65,NA,NA,NA,NA,NA,NA
"CatFoodExp2021",2020,2022,16448,"WA",2,6,23,33417,5995,"ChangDay+4",37,NA,72,0.029,NA,NA,NA,NA
"CatFoodExp2021",2020,2022,16448,"WA",2,6,23,33417,5996,"ChangDay+5",38,58,NA,NA,NA,NA,NA,NA
"CatFoodExp2021",2020,2022,16448,"WA",2,6,23,33417,5997,"ChangDay+5",38,NA,75,0.019,NA,NA,NA,NA
"CatFoodExp2021",2020,2022,16448,"WA",2,6,23,33417,5998,"ChangDay+5",38,NA,75,0.031,NA,NA,NA,NA
"CatFoodExp2021",2020,2022,16449,"WA",2,11,23,33419,5999,"ConstDay-2",31,50,NA,NA,NA,NA,NA,NA
"CatFoodExp2021",2020,2022,16449,"WA",2,11,23,33419,6000,"ConstDay-2",31,NA,68,0.037,NA,NA,NA,NA
"CatFoodExp2021",2020,2022,16449,"WA",2,11,23,33419,6001,"ConstDay-4",29,50,NA,NA,NA,NA,NA,NA
"CatFoodExp2021",2020,2022,16449,"WA",2,11,23,33420,6002,"ConstDay-4",29,50,NA,NA,NA,NA,NA,NA
"CatFoodExp2021",2020,2022,16449,"WA",2,11,23,33420,6003,"ConstDay-4",29,50,NA,NA,NA,NA,NA,NA
"CatFoodExp2021",2020,2022,16449,"WA",2,11,23,33420,6004,"ChangDay-4",29,50,NA,NA,NA,NA,NA,NA
"CatFoodExp2021",2020,2022,16449,"WA",2,11,23,33420,6005,"ChangDay-4",29,50,NA,NA,NA,NA,NA,NA
"CatFoodExp2021",2020,2022,16449,"WA",2,11,23,33420,6006,"ChangDay-4",29,50,NA,NA,NA,NA,NA,NA
"CatFoodExp2021",2020,2022,16449,"WA",2,11,23,33420,6007,"ChangDay-3",30,50,NA,NA,NA,NA,NA,NA
"CatFoodExp2021",2020,2022,16449,"WA",2,11,23,33420,6008,"ChangDay-3",30,50,NA,NA,NA,NA,NA,NA
"CatFoodExp2021",2020,2022,16449,"WA",2,11,23,33420,6009,"ChangDay-3",30,50,NA,NA,NA,NA,NA,NA
"CatFoodExp2021",2020,2022,16449,"WA",2,11,23,33420,6010,"ChangDay-2",31,52,NA,NA,NA,NA,NA,NA
"CatFoodExp2021",2020,2022,16449,"WA",2,11,23,33421,6011,"ChangDay-2",31,NA,68,0.042,NA,NA,NA,NA
"CatFoodExp2021",2020,2022,16449,"WA",2,11,23,33421,6012,"ChangDay-2",31,52,NA,NA,NA,NA,NA,NA
"CatFoodExp2021",2020,2022,16449,"WA",2,11,23,33421,6013,"ChangDay-1",32,NA,68,0.052,NA,NA,NA,NA
"CatFoodExp2021",2020,2022,16449,"WA",2,11,23,33422,6014,"ChangDay-1",32,52,NA,NA,NA,NA,NA,NA
"CatFoodExp2021",2020,2022,16449,"WA",2,11,23,33422,6015,"ChangDay-1",32,52,NA,NA,NA,NA,NA,NA
"CatFoodExp2021",2020,2022,16449,"WA",2,11,23,33422,6016,"ConstDay-2",31,52,NA,NA,NA,NA,NA,NA
"CatFoodExp2021",2020,2022,16449,"WA",2,11,23,33422,6017,"ChangDay0",33,NA,68,0.042,NA,NA,NA,NA
"CatFoodExp2021",2020,2022,16449,"WA",2,11,23,33422,6018,"ConstDay0",33,68,NA,NA,NA,NA,NA,NA
"CatFoodExp2021",2020,2022,16449,"WA",2,11,23,33423,6019,"ConstDay0",33,52,NA,NA,NA,NA,NA,NA
"CatFoodExp2021",2020,2022,16449,"WA",2,11,23,33423,6020,"ChangDay0",33,54,NA,NA,NA,NA,NA,NA
"CatFoodExp2021",2020,2022,16449,"WA",2,11,23,33423,6021,"ChangDay+1",34,NA,68,0.038,NA,NA,NA,NA
"CatFoodExp2021",2020,2022,16449,"WA",2,11,23,33423,6022,"ChangDay+1",34,70,NA,NA,NA,NA,NA,NA
"CatFoodExp2021",2020,2022,16449,"WA",2,11,23,33423,6023,"ChangDay+1",34,NA,70,0.035,40,0.008,"male","mold 9/11"
"CatFoodExp2021",2020,2022,16449,"WA",2,11,23,33424,6024,"ChangDay+2",35,NA,72,0.047,NA,NA,NA,NA
"CatFoodExp2021",2020,2022,16449,"WA",2,11,23,33424,6025,"ChangDay+2",35,56,NA,NA,NA,NA,NA,NA
"CatFoodExp2021",2020,2022,16449,"WA",2,11,23,33424,6026,"ChangDay0",33,54,NA,NA,NA,NA,NA,NA
"CatFoodExp2021",2020,2022,16449,"WA",2,11,23,33424,6027,"ConstDay0",33,NA,70,0.037,NA,NA,NA,NA
"CatFoodExp2021",2020,2022,16449,"WA",2,11,23,33425,6028,"ChangDay+2",35,56,NA,NA,NA,NA,NA,NA
"CatFoodExp2021",2020,2022,16449,"WA",2,11,23,33425,6029,"ConstDay+2",35,56,NA,NA,NA,NA,NA,NA
"CatFoodExp2021",2020,2022,16449,"WA",2,11,23,33425,6030,"ChangDay+4",37,NA,79,0.021,NA,NA,NA,NA
"CatFoodExp2021",2020,2022,16449,"WA",2,11,23,33425,6031,"ChangDay+4",37,NA,72,0.035,NA,NA,NA,NA
"CatFoodExp2021",2020,2022,16449,"WA",2,11,23,33425,6032,"ConstDay+4",37,NA,77,0.052,NA,NA,NA,NA
"CatFoodExp2021",2020,2022,16449,"WA",2,11,23,33425,6033,"ConstDay+4",37,NA,72,0.029,NA,NA,NA,NA
"CatFoodExp2021",2020,2022,16449,"WA",2,11,23,33426,6034,"ChangDay+3",36,62,NA,NA,NA,NA,NA,NA
"CatFoodExp2021",2020,2022,16449,"WA",2,11,23,33426,6035,"ChangDay+3",36,62,NA,NA,NA,NA,NA,NA
"CatFoodExp2021",2020,2022,16449,"WA",2,11,23,33426,6036,"ChangDay+3",36,NA,72,0.032,NA,NA,NA,NA
"CatFoodExp2021",2020,2022,16449,"WA",2,11,23,33426,6037,"ConstDay+2",35,NA,72,0.026,NA,NA,NA,NA
"CatFoodExp2021",2020,2022,16449,"WA",2,11,23,33426,6038,"ConstDay+2",35,58,NA,NA,NA,NA,NA,NA
"CatFoodExp2021",2020,2022,16449,"WA",2,11,23,33428,6039,"ChangDay+4",37,62,NA,NA,NA,NA,NA,NA
"CatFoodExp2021",2020,2022,16449,"WA",2,11,23,33428,6040,"ConstDay+4",37,NA,72,0.026,NA,NA,NA,NA
"CatFoodExp2021",2020,2022,16449,"WA",2,11,23,33428,6041,"ChangDay+5",38,58,NA,NA,NA,NA,NA,NA
"CatFoodExp2021",2020,2022,16449,"WA",2,11,23,33428,6042,"ChangDay+5",38,NA,75,0.024,NA,NA,NA,NA
"CatFoodExp2021",2020,2022,16449,"WA",2,11,23,33428,6043,"ChangDay+5",38,58,NA,NA,NA,NA,NA,NA
"CatFoodExp2021",2020,2022,16454,"WA",3,10,23,33431,6044,"ConstDay-2",31,52,NA,NA,NA,NA,NA,NA
"CatFoodExp2021",2020,2022,16454,"WA",3,10,23,33431,6045,"ConstDay-4",29,50,NA,NA,NA,NA,NA,NA
"CatFoodExp2021",2020,2022,16454,"WA",3,10,23,33431,6046,"ConstDay-4",29,50,NA,NA,NA,NA,NA,NA
"CatFoodExp2021",2020,2022,16454,"WA",3,10,23,33431,6047,"ConstDay-4",29,50,NA,NA,NA,NA,NA,NA
"CatFoodExp2021",2020,2022,16454,"WA",3,10,23,33432,6048,"ChangDay-4",29,50,NA,NA,NA,NA,NA,NA
"CatFoodExp2021",2020,2022,16454,"WA",3,10,23,33432,6049,"ChangDay-4",29,50,NA,NA,NA,NA,NA,NA
"CatFoodExp2021",2020,2022,16454,"WA",3,10,23,33432,6050,"ChangDay-4",29,50,NA,NA,NA,NA,NA,NA
"CatFoodExp2021",2020,2022,16454,"WA",3,10,23,33433,6051,"ChangDay-1",32,52,NA,NA,NA,NA,NA,NA
"CatFoodExp2021",2020,2022,16454,"WA",3,10,23,33434,6052,"ChangDay-1",32,52,NA,NA,NA,NA,NA,NA
"CatFoodExp2021",2020,2022,16454,"WA",3,10,23,33434,6053,"ChangDay-1",32,52,NA,NA,NA,NA,NA,NA
"CatFoodExp2021",2020,2022,16454,"WA",3,10,23,33434,6054,"ChangDay-2",31,52,NA,NA,NA,NA,NA,NA
"CatFoodExp2021",2020,2022,16454,"WA",3,10,23,33434,6055,"ChangDay-2",31,52,NA,NA,NA,NA,NA,NA
"CatFoodExp2021",2020,2022,16454,"WA",3,10,23,33434,6056,"ChangDay-3",30,50,NA,NA,NA,NA,NA,NA
"CatFoodExp2021",2020,2022,16454,"WA",3,10,23,33434,6057,"ChangDay-3",30,50,NA,NA,NA,NA,NA,NA
"CatFoodExp2021",2020,2022,16454,"WA",3,10,23,33434,6058,"ChangDay-3",30,NA,77,0.056,NA,NA,NA,NA
"CatFoodExp2021",2020,2022,16454,"WA",3,10,23,33434,6059,"ChangDay0",33,54,NA,NA,NA,NA,NA,NA
"CatFoodExp2021",2020,2022,16454,"WA",3,10,23,33434,6060,"ConstDay0",33,54,NA,NA,NA,NA,NA,NA
"CatFoodExp2021",2020,2022,16454,"WA",3,10,23,33435,6061,"ConstDay0",33,52,NA,NA,NA,NA,NA,NA
"CatFoodExp2021",2020,2022,16454,"WA",3,10,23,33435,6062,"ConstDay0",33,54,NA,NA,NA,NA,NA,NA
"CatFoodExp2021",2020,2022,16454,"WA",3,10,23,33435,6063,"ChangDay0",33,54,NA,NA,NA,NA,NA,NA
"CatFoodExp2021",2020,2022,16454,"WA",3,10,23,33435,6064,"ChangDay0",33,NA,72,0.037,NA,NA,NA,NA
"CatFoodExp2021",2020,2022,16454,"WA",3,10,23,33435,6065,"ChangDay-2",31,52,NA,NA,NA,NA,NA,NA
"CatFoodExp2021",2020,2022,16454,"WA",3,10,23,33435,6066,"ConstDay-2",31,50,NA,NA,NA,NA,NA,NA
"CatFoodExp2021",2020,2022,16454,"WA",3,10,23,33435,6067,"ConstDay-2",31,52,NA,NA,NA,NA,NA,NA
"CatFoodExp2021",2020,2022,16454,"WA",3,10,23,33436,6068,"ChangDay+1",34,NA,72,0.036,NA,NA,NA,NA
"CatFoodExp2021",2020,2022,16454,"WA",3,10,23,33436,6069,"ChangDay+1",34,NA,68,0.042,NA,NA,NA,NA
"CatFoodExp2021",2020,2022,16454,"WA",3,10,23,33436,6070,"ChangDay+1",34,NA,77,0.026,NA,NA,NA,NA
"CatFoodExp2021",2020,2022,16454,"WA",3,10,23,33437,6071,"ChangDay+3",36,NA,77,0.024,NA,NA,NA,NA
"CatFoodExp2021",2020,2022,16454,"WA",3,10,23,33437,6072,"ChangDay+3",36,62,NA,NA,NA,NA,NA,NA
"CatFoodExp2021",2020,2022,16454,"WA",3,10,23,33437,6073,"ChangDay+3",36,NA,72,0.034,NA,NA,NA,NA
"CatFoodExp2021",2020,2022,16454,"WA",3,10,23,33438,6074,"ConstDay+2",35,56,NA,NA,NA,NA,NA,NA
"CatFoodExp2021",2020,2022,16454,"WA",3,10,23,33438,6075,"ChangDay+2",35,NA,72,0.062,NA,NA,NA,NA
"CatFoodExp2021",2020,2022,16454,"WA",3,10,23,33438,6076,"ChangDay+2",35,NA,82,0.011,NA,NA,NA,NA
"CatFoodExp2021",2020,2022,16454,"WA",3,10,23,33439,6077,"ChangDay+2",35,62,NA,NA,NA,NA,NA,NA
"CatFoodExp2021",2020,2022,16454,"WA",3,10,23,33439,6078,"ConstDay+2",35,63,NA,NA,NA,NA,NA,NA
"CatFoodExp2021",2020,2022,16454,"WA",3,10,23,33439,6079,"ConstDay+2",35,NA,72,0.041,NA,NA,NA,NA
"CatFoodExp2021",2020,2022,16454,"WA",3,10,23,33440,6080,"ChangDay+4",37,NA,75,0.021,NA,NA,NA,NA
"CatFoodExp2021",2020,2022,16454,"WA",3,10,23,33440,6081,"ChangDay+4",37,NA,75,0.024,NA,NA,NA,NA
"CatFoodExp2021",2020,2022,16454,"WA",3,10,23,33440,6082,"ChangDay+4",37,58,NA,NA,NA,NA,NA,NA
"CatFoodExp2021",2020,2022,16454,"WA",3,10,23,33440,6083,"ConstDay+4",37,63,NA,NA,NA,NA,NA,NA
"CatFoodExp2021",2020,2022,16454,"WA",3,10,23,33440,6084,"ConstDay+4",37,67,NA,NA,NA,NA,NA,NA
"CatFoodExp2021",2020,2022,16454,"WA",3,10,23,33440,6085,"ConstDay+4",37,NA,70,0.031,NA,NA,NA,NA
"CatFoodExp2021",2020,2022,16455,"WA",3,10,23,33441,6086,"ChangDay-2",31,52,NA,NA,NA,NA,NA,NA
"CatFoodExp2021",2020,2022,16455,"WA",3,10,23,33441,6087,"ChangDay-2",31,52,NA,NA,NA,NA,NA,NA
"CatFoodExp2021",2020,2022,16455,"WA",3,10,23,33441,6088,"ConstDay-2",31,52,NA,NA,NA,NA,NA,NA
"CatFoodExp2021",2020,2022,16455,"WA",3,10,23,33441,6089,"ConstDay-2",31,50,NA,NA,NA,NA,NA,NA
"CatFoodExp2021",2020,2022,16455,"WA",3,10,23,33441,6090,"ConstDay-2",31,52,NA,NA,NA,NA,NA,NA
"CatFoodExp2021",2020,2022,16455,"WA",3,10,23,33441,6091,"ConstDay-4",29,50,NA,NA,NA,NA,NA,NA
"CatFoodExp2021",2020,2022,16455,"WA",3,10,23,33441,6092,"ConstDay-4",29,50,NA,NA,NA,NA,NA,NA
"CatFoodExp2021",2020,2022,16455,"WA",3,10,23,33442,6093,"ConstDay-4",29,50,NA,NA,NA,NA,NA,NA
"CatFoodExp2021",2020,2022,16455,"WA",3,10,23,33442,6094,"ChangDay-3",30,50,NA,NA,NA,NA,NA,NA
"CatFoodExp2021",2020,2022,16455,"WA",3,10,23,33442,6095,"ChangDay-3",30,50,NA,NA,NA,NA,NA,NA
"CatFoodExp2021",2020,2022,16455,"WA",3,10,23,33442,6096,"ChangDay-3",30,50,NA,NA,NA,NA,NA,NA
"CatFoodExp2021",2020,2022,16455,"WA",3,10,23,33443,6097,"ChangDay-4",29,50,NA,NA,NA,NA,NA,NA
"CatFoodExp2021",2020,2022,16455,"WA",3,10,23,33443,6098,"ChangDay-4",29,50,NA,NA,NA,NA,NA,NA
"CatFoodExp2021",2020,2022,16455,"WA",3,10,23,33443,6099,"ChangDay-2",31,52,NA,NA,NA,NA,NA,NA
"CatFoodExp2021",2020,2022,16455,"WA",3,10,23,33443,6100,"ChangDay-1",32,52,NA,NA,NA,NA,NA,NA
"CatFoodExp2021",2020,2022,16455,"WA",3,10,23,33443,6101,"ChangDay-1",32,NA,72,0.043,NA,NA,NA,NA
"CatFoodExp2021",2020,2022,16455,"WA",3,10,23,33444,6102,"ChangDay-1",32,52,NA,NA,NA,NA,NA,NA
"CatFoodExp2021",2020,2022,16455,"WA",3,10,23,33444,6103,"ChangDay-4",29,50,NA,NA,NA,NA,NA,NA
"CatFoodExp2021",2020,2022,16455,"WA",3,10,23,33444,6104,"ChangDay+1",34,NA,63,0.046,NA,NA,NA,NA
"CatFoodExp2021",2020,2022,16455,"WA",3,10,23,33444,6105,"ChangDay+1",34,54,NA,NA,NA,NA,NA,NA
"CatFoodExp2021",2020,2022,16455,"WA",3,10,23,33444,6106,"ChangDay+1",34,54,NA,NA,NA,NA,NA,NA
"CatFoodExp2021",2020,2022,16455,"WA",3,10,23,33444,6107,"ChangDay0",33,54,NA,NA,NA,NA,NA,NA
"CatFoodExp2021",2020,2022,16455,"WA",3,10,23,33444,6108,"ConstDay0",33,NA,68,0.035,NA,NA,NA,NA
"CatFoodExp2021",2020,2022,16455,"WA",3,10,23,33444,6109,"ConstDay0",33,54,NA,NA,NA,NA,NA,NA
"CatFoodExp2021",2020,2022,16455,"WA",3,10,23,33445,6110,"ConstDay0",33,NA,70,0.039,NA,NA,NA,NA
"CatFoodExp2021",2020,2022,16455,"WA",3,10,23,33445,6111,"ChangDay0",33,54,NA,NA,NA,NA,NA,NA
"CatFoodExp2021",2020,2022,16455,"WA",3,10,23,33445,6112,"ChangDay0",33,62,NA,NA,NA,NA,NA,NA
"CatFoodExp2021",2020,2022,16455,"WA",3,10,23,33445,6113,"ConstDay+2",35,NA,75,0.023,NA,NA,NA,NA
"CatFoodExp2021",2020,2022,16455,"WA",3,10,23,33445,6114,"ConstDay+2",35,58,NA,NA,NA,NA,NA,NA
"CatFoodExp2021",2020,2022,16455,"WA",3,10,23,33445,6115,"ConstDay+2",35,56,NA,NA,NA,NA,NA,NA
"CatFoodExp2021",2020,2022,16455,"WA",3,10,23,33445,6116,"ChangDay+2",35,NA,70,0.04,NA,NA,NA,NA
"CatFoodExp2021",2020,2022,16455,"WA",3,10,23,33445,6117,"ChangDay+2",35,56,NA,NA,NA,NA,NA,NA
"CatFoodExp2021",2020,2022,16455,"WA",3,10,23,33446,6118,"ChangDay+3",36,NA,75,0.029,NA,NA,NA,NA
"CatFoodExp2021",2020,2022,16455,"WA",3,10,23,33446,6119,"ChangDay+3",36,NA,75,0.022,NA,NA,NA,NA
"CatFoodExp2021",2020,2022,16455,"WA",3,10,23,33446,6120,"ChangDay+3",36,NA,77,0.019,NA,NA,NA,NA
"CatFoodExp2021",2020,2022,16455,"WA",3,10,23,33447,6121,"ChangDay+2",35,NA,72,0.028,NA,NA,NA,NA
"CatFoodExp2021",2020,2022,16455,"WA",3,10,23,33447,6122,"ChangDay+5",38,75,NA,NA,NA,NA,NA,NA
"CatFoodExp2021",2020,2022,16455,"WA",3,10,23,33447,6123,"ChangDay+5",38,NA,75,0.016,NA,NA,NA,NA
"CatFoodExp2021",2020,2022,16455,"WA",3,10,23,33447,6124,"ChangDay+5",38,NA,77,0.022,NA,NA,NA,NA
"CatFoodExp2021",2020,2022,16455,"WA",3,10,23,33449,6125,"ChangDay+4",37,NA,82,0.014,NA,NA,NA,NA
"CatFoodExp2021",2020,2022,16455,"WA",3,10,23,33450,6126,"ConstDay+4",37,NA,75,0.029,NA,NA,NA,NA
"CatFoodExp2021",2020,2022,16455,"WA",3,10,23,33450,6127,"ConstDay+4",37,58,NA,NA,NA,NA,NA,NA
"CatFoodExp2021",2020,2022,16455,"WA",3,10,23,33450,6128,"ConstDay+4",37,NA,72,0.026,NA,NA,NA,NA
"CatFoodExp2021",2020,2022,16455,"WA",3,10,23,33450,6129,"ChangDay+4",37,58,NA,NA,NA,NA,NA,NA
"CatFoodExp2021",2020,2022,16455,"WA",3,10,23,33450,6130,"ChangDay+4",37,65,NA,NA,NA,NA,NA,NA
"CatFoodExp2021",2020,2022,16465,"HV",4,4,23,33452,6131,"ChangDay-4",29,50,NA,NA,NA,NA,NA,NA
"CatFoodExp2021",2020,2022,16465,"HV",4,4,23,33452,6132,"ChangDay-4",29,50,NA,NA,NA,NA,NA,NA
"CatFoodExp2021",2020,2022,16465,"HV",4,4,23,33452,6133,"ChangDay-4",29,50,NA,NA,NA,NA,NA,NA
"CatFoodExp2021",2020,2022,16465,"HV",4,4,23,33452,6134,"ConstDay-4",29,50,NA,NA,NA,NA,NA,NA
"CatFoodExp2021",2020,2022,16465,"HV",4,4,23,33452,6135,"ChangDay-3",30,50,NA,NA,NA,NA,NA,NA
"CatFoodExp2021",2020,2022,16465,"HV",4,4,23,33452,6136,"ChangDay-3",30,50,NA,NA,NA,NA,NA,NA
"CatFoodExp2021",2020,2022,16465,"HV",4,4,23,33452,6137,"ChangDay-3",30,NA,68,0.055,NA,NA,NA,NA
"CatFoodExp2021",2020,2022,16465,"HV",4,4,23,33453,6138,"ConstDay-4",29,50,NA,NA,NA,NA,NA,NA
"CatFoodExp2021",2020,2022,16465,"HV",4,4,23,33453,6139,"ConstDay-4",29,50,NA,NA,NA,NA,NA,NA
"CatFoodExp2021",2020,2022,16465,"HV",4,4,23,33453,6140,"ConstDay-2",31,62,NA,NA,NA,NA,NA,NA
"CatFoodExp2021",2020,2022,16465,"HV",4,4,23,33454,6141,"ConstDay-2",31,50,NA,NA,NA,NA,NA,NA
"CatFoodExp2021",2020,2022,16465,"HV",4,4,23,33454,6142,"ConstDay-2",31,NA,72,0.041,NA,NA,NA,NA
"CatFoodExp2021",2020,2022,16465,"HV",4,4,23,33454,6143,"ChangDay-2",31,72,NA,NA,NA,NA,NA,NA
"CatFoodExp2021",2020,2022,16465,"HV",4,4,23,33455,6144,"ChangDay-2",31,NA,75,0.032,NA,NA,NA,NA
"CatFoodExp2021",2020,2022,16465,"HV",4,4,23,33455,6145,"ChangDay-2",31,NA,72,0.043,NA,NA,NA,NA
"CatFoodExp2021",2020,2022,16465,"HV",4,4,23,33455,6146,"ChangDay-1",32,52,NA,NA,NA,NA,NA,NA
"CatFoodExp2021",2020,2022,16465,"HV",4,4,23,33455,6147,"ChangDay-1",32,63,NA,NA,NA,NA,NA,NA
"CatFoodExp2021",2020,2022,16465,"HV",4,4,23,33455,6148,"ChangDay0",33,54,NA,NA,NA,NA,NA,NA
"CatFoodExp2021",2020,2022,16465,"HV",4,4,23,33455,6149,"ConstDay0",33,NA,68,0.053,NA,NA,NA,NA
"CatFoodExp2021",2020,2022,16465,"HV",4,4,23,33456,6150,"ConstDay0",33,77,NA,NA,NA,NA,NA,NA
"CatFoodExp2021",2020,2022,16465,"HV",4,4,23,33456,6151,"ConstDay0",33,NA,68,0.043,NA,NA,NA,NA
"CatFoodExp2021",2020,2022,16465,"HV",4,4,23,33456,6152,"ChangDay0",33,54,NA,NA,NA,NA,NA,NA
"CatFoodExp2021",2020,2022,16465,"HV",4,4,23,33456,6153,"ChangDay0",33,NA,72,0.05,NA,NA,NA,NA
"CatFoodExp2021",2020,2022,16465,"HV",4,4,23,33456,6154,"ChangDay-1",32,NA,72,0.038,NA,NA,NA,NA
"CatFoodExp2021",2020,2022,16465,"HV",4,4,23,33457,6155,"ChangDay+1",34,NA,72,0.036,NA,NA,NA,NA
"CatFoodExp2021",2020,2022,16465,"HV",4,4,23,33457,6156,"ChangDay+1",34,NA,70,0.047,NA,NA,NA,NA
"CatFoodExp2021",2020,2022,16465,"HV",4,4,23,33457,6157,"ChangDay+1",34,NA,63,0.053,NA,NA,NA,NA
"CatFoodExp2021",2020,2022,16465,"HV",4,4,23,33458,6158,"ChangDay+3",36,NA,72,0.055,45,0.035,"female",NA
"CatFoodExp2021",2020,2022,16465,"HV",4,4,23,33459,6159,"ChangDay+3",36,79,NA,NA,NA,NA,NA,NA
"CatFoodExp2021",2020,2022,16465,"HV",4,4,23,33459,6160,"ChangDay+3",36,NA,75,0.026,NA,NA,NA,NA
"CatFoodExp2021",2020,2022,16465,"HV",4,4,23,33459,6161,"ChangDay+2",35,56,NA,NA,NA,NA,NA,NA
"CatFoodExp2021",2020,2022,16465,"HV",4,4,23,33459,6162,"ChangDay+2",35,75,NA,NA,NA,NA,NA,NA
"CatFoodExp2021",2020,2022,16465,"HV",4,4,23,33459,6163,"ChangDay+2",35,79,NA,NA,NA,NA,NA,NA
"CatFoodExp2021",2020,2022,16465,"HV",4,4,23,33459,6164,"ConstDay+2",35,56,NA,NA,NA,NA,NA,NA
"CatFoodExp2021",2020,2022,16465,"HV",4,4,23,33459,6165,"ConstDay+2",35,NA,75,0.021,NA,NA,NA,NA
"CatFoodExp2021",2020,2022,16465,"HV",4,4,23,33459,6166,"ConstDay+2",35,NA,68,0.048,NA,NA,NA,NA
"CatFoodExp2021",2020,2022,16465,"HV",4,4,23,33460,6167,"ChangDay+4",37,NA,72,0.037,NA,NA,NA,NA
"CatFoodExp2021",2020,2022,16465,"HV",4,4,23,33461,6168,"ConstDay+4",37,NA,72,0.031,NA,NA,NA,NA
"CatFoodExp2021",2020,2022,16465,"HV",4,4,23,33461,6169,"ConstDay+4",37,75,NA,NA,NA,NA,NA,NA
"CatFoodExp2021",2020,2022,16465,"HV",4,4,23,33461,6170,"ConstDay+4",37,NA,72,0.026,NA,NA,NA,NA
"CatFoodExp2021",2020,2022,16465,"HV",4,4,23,33461,6171,"ChangDay+4",37,77,NA,NA,NA,NA,NA,NA
"CatFoodExp2021",2020,2022,16465,"HV",4,4,23,33461,6172,"ChangDay+4",37,NA,82,0.013,NA,NA,NA,NA
"CatFoodExp2021",2020,2022,16465,"HV",4,4,23,33461,6173,"ChangDay+5",38,NA,79,0.019,NA,NA,NA,NA
"CatFoodExp2021",2020,2022,16465,"HV",4,4,23,33461,6174,"ChangDay+5",38,58,NA,NA,NA,NA,NA,NA
"CatFoodExp2021",2020,2022,16465,"HV",4,4,23,33461,6175,"ChangDay+5",38,58,NA,NA,NA,NA,NA,NA
"CatFoodExp2021",2020,2022,16470,"HV",4,8,23,33464,6176,"ChangDay-1",32,52,NA,NA,NA,NA,NA,NA
"CatFoodExp2021",2020,2022,16470,"HV",4,8,23,33464,6177,"ConstDay-4",29,50,NA,NA,NA,NA,NA,NA
"CatFoodExp2021",2020,2022,16470,"HV",4,8,23,33464,6178,"ConstDay-4",29,50,NA,NA,NA,NA,NA,NA
"CatFoodExp2021",2020,2022,16470,"HV",4,8,23,33464,6179,"ConstDay-4",29,50,NA,NA,NA,NA,NA,NA
"CatFoodExp2021",2020,2022,16470,"HV",4,8,23,33465,6180,"ChangDay-4",29,50,NA,NA,NA,NA,NA,NA
"CatFoodExp2021",2020,2022,16470,"HV",4,8,23,33465,6181,"ChangDay-3",30,50,NA,NA,NA,NA,NA,NA
"CatFoodExp2021",2020,2022,16470,"HV",4,8,23,33465,6182,"ChangDay-1",32,NA,72,0.038,NA,NA,NA,NA
"CatFoodExp2021",2020,2022,16470,"HV",4,8,23,33465,6183,"ChangDay-1",32,NA,63,0.051,NA,NA,NA,NA
"CatFoodExp2021",2020,2022,16470,"HV",4,8,23,33465,6184,"ConstDay-2",31,52,NA,NA,NA,NA,NA,NA
"CatFoodExp2021",2020,2022,16470,"HV",4,8,23,33465,6185,"ConstDay-2",31,NA,63,0.06,NA,NA,NA,NA
"CatFoodExp2021",2020,2022,16470,"HV",4,8,23,33466,6186,"ConstDay-2",31,52,NA,NA,NA,NA,NA,NA
"CatFoodExp2021",2020,2022,16470,"HV",4,8,23,33466,6187,"ChangDay0",33,54,NA,NA,NA,NA,NA,NA
"CatFoodExp2021",2020,2022,16470,"HV",4,8,23,33466,6188,"ConstDay0",33,NA,68,0.044,NA,NA,NA,NA
"CatFoodExp2021",2020,2022,16470,"HV",4,8,23,33466,6189,"ChangDay-2",31,52,NA,NA,NA,NA,NA,NA
"CatFoodExp2021",2020,2022,16470,"HV",4,8,23,33466,6190,"ChangDay-2",31,52,NA,NA,NA,NA,NA,NA
"CatFoodExp2021",2020,2022,16470,"HV",4,8,23,33466,6191,"ChangDay-2",31,52,NA,NA,NA,NA,NA,NA
"CatFoodExp2021",2020,2022,16470,"HV",4,8,23,33466,6192,"ChangDay-3",30,50,NA,NA,NA,NA,NA,NA
"CatFoodExp2021",2020,2022,16470,"HV",4,8,23,33466,6193,"ChangDay-4",29,50,NA,NA,NA,NA,NA,NA
"CatFoodExp2021",2020,2022,16470,"HV",4,8,23,33466,6194,"ChangDay-4",29,50,NA,NA,NA,NA,NA,NA
"CatFoodExp2021",2020,2022,16470,"HV",4,8,23,33467,6195,"ChangDay-3",30,50,NA,NA,NA,NA,NA,NA
"CatFoodExp2021",2020,2022,16470,"HV",4,8,23,33467,6196,"ConstDay0",33,52,NA,NA,NA,NA,NA,NA
"CatFoodExp2021",2020,2022,16470,"HV",4,8,23,33467,6197,"ChangDay0",33,NA,72,0.026,NA,NA,NA,NA
"CatFoodExp2021",2020,2022,16470,"HV",4,8,23,33468,6198,"ChangDay0",33,NA,72,0.026,NA,NA,NA,NA
"CatFoodExp2021",2020,2022,16470,"HV",4,8,23,33468,6199,"ConstDay0",33,54,NA,NA,NA,NA,NA,NA
"CatFoodExp2021",2020,2022,16470,"HV",4,8,23,33468,6200,"ChangDay+2",35,62,NA,NA,NA,NA,NA,NA
"CatFoodExp2021",2020,2022,16470,"HV",4,8,23,33468,6201,"ChangDay+2",35,NA,75,0.049,NA,NA,NA,NA
"CatFoodExp2021",2020,2022,16470,"HV",4,8,23,33468,6202,"ChangDay+2",35,77,NA,NA,NA,NA,NA,NA
"CatFoodExp2021",2020,2022,16470,"HV",4,8,23,33468,6203,"ConstDay+2",35,NA,70,0.038,NA,NA,NA,NA
"CatFoodExp2021",2020,2022,16470,"HV",4,8,23,33468,6204,"ConstDay+2",35,NA,70,0.037,NA,NA,NA,NA
"CatFoodExp2021",2020,2022,16470,"HV",4,8,23,33468,6205,"ConstDay+2",35,62,NA,NA,NA,NA,NA,NA
"CatFoodExp2021",2020,2022,16470,"HV",4,8,23,33469,6206,"ChangDay+1",34,NA,70,0.032,NA,NA,NA,NA
"CatFoodExp2021",2020,2022,16470,"HV",4,8,23,33469,6207,"ChangDay+1",34,70,NA,NA,NA,NA,NA,NA
"CatFoodExp2021",2020,2022,16470,"HV",4,8,23,33469,6208,"ChangDay+1",34,NA,70,0.039,45,0.023,"female",NA
"CatFoodExp2021",2020,2022,16470,"HV",4,8,23,33469,6209,"ChangDay+3",36,NA,75,0.032,NA,NA,NA,NA
"CatFoodExp2021",2020,2022,16470,"HV",4,8,23,33469,6210,"ChangDay+3",36,56,NA,NA,NA,NA,NA,NA
"CatFoodExp2021",2020,2022,16470,"HV",4,8,23,33469,6211,"ChangDay+3",36,56,NA,NA,NA,NA,NA,NA
"CatFoodExp2021",2020,2022,16470,"HV",4,8,23,33470,6212,"ChangDay+4",37,NA,75,0.049,NA,NA,NA,NA
"CatFoodExp2021",2020,2022,16470,"HV",4,8,23,33470,6213,"ChangDay+4",37,NA,75,0.023,NA,NA,NA,NA
"CatFoodExp2021",2020,2022,16470,"HV",4,8,23,33470,6214,"ChangDay+4",37,58,NA,NA,NA,NA,NA,NA
"CatFoodExp2021",2020,2022,16470,"HV",4,8,23,33470,6215,"ConstDay+4",37,58,NA,NA,NA,NA,NA,NA
"CatFoodExp2021",2020,2022,16470,"HV",4,8,23,33470,6216,"ConstDay+4",37,NA,75,0.018,NA,NA,NA,NA
"CatFoodExp2021",2020,2022,16470,"HV",4,8,23,33470,6217,"ConstDay+4",37,NA,72,0.031,NA,NA,NA,NA
"CatFoodExp2021",2020,2022,16470,"HV",4,8,23,33471,6218,"ChangDay+5",38,NA,75,0.033,NA,NA,NA,NA
"CatFoodExp2021",2020,2022,16470,"HV",4,8,23,33471,6219,"ChangDay+5",38,NA,75,0.02,NA,NA,NA,NA
"CatFoodExp2021",2020,2022,16470,"HV",4,8,23,33471,6220,"ChangDay+5",38,62,NA,NA,NA,NA,NA,NA
"CatFoodExp2021",2020,2022,16481,"HV",7,18,23,33475,6221,"ConstDay-2",31,52,NA,NA,NA,NA,NA,NA
"CatFoodExp2021",2020,2022,16481,"HV",7,18,23,33475,6222,"ChangDay-4",29,50,NA,NA,NA,NA,NA,NA
"CatFoodExp2021",2020,2022,16481,"HV",7,18,23,33475,6223,"ChangDay-4",29,50,NA,NA,NA,NA,NA,NA
"CatFoodExp2021",2020,2022,16481,"HV",7,18,23,33475,6224,"ConstDay-4",29,50,NA,NA,NA,NA,NA,NA
"CatFoodExp2021",2020,2022,16481,"HV",7,18,23,33475,6225,"ConstDay-4",29,50,NA,NA,NA,NA,NA,NA
"CatFoodExp2021",2020,2022,16481,"HV",7,18,23,33475,6226,"ConstDay-4",29,50,NA,NA,NA,NA,NA,NA
"CatFoodExp2021",2020,2022,16481,"HV",7,18,23,33476,6227,"ChangDay-4",29,50,NA,NA,NA,NA,NA,NA
"CatFoodExp2021",2020,2022,16481,"HV",7,18,23,33476,6228,"ChangDay-1",32,52,NA,NA,NA,NA,NA,NA
"CatFoodExp2021",2020,2022,16481,"HV",7,18,23,33476,6229,"ChangDay-1",32,52,NA,NA,NA,NA,NA,NA
"CatFoodExp2021",2020,2022,16481,"HV",7,18,23,33476,6230,"ConstDay-2",31,50,NA,NA,NA,NA,NA,NA
"CatFoodExp2021",2020,2022,16481,"HV",7,18,23,33476,6231,"ConstDay-2",31,52,NA,NA,NA,NA,NA,NA
"CatFoodExp2021",2020,2022,16481,"HV",7,18,23,33476,6232,"ChangDay-2",31,52,NA,NA,NA,NA,NA,NA
"CatFoodExp2021",2020,2022,16481,"HV",7,18,23,33477,6233,"ChangDay-2",31,52,NA,NA,NA,NA,NA,NA
"CatFoodExp2021",2020,2022,16481,"HV",7,18,23,33477,6234,"ChangDay-1",32,52,NA,NA,NA,NA,NA,NA
"CatFoodExp2021",2020,2022,16481,"HV",7,18,23,33477,6235,"ChangDay-3",30,50,NA,NA,NA,NA,NA,NA
"CatFoodExp2021",2020,2022,16481,"HV",7,18,23,33477,6236,"ChangDay-3",30,50,NA,NA,NA,NA,NA,NA
"CatFoodExp2021",2020,2022,16481,"HV",7,18,23,33477,6237,"ChangDay-3",30,50,NA,NA,NA,NA,NA,NA
"CatFoodExp2021",2020,2022,16481,"HV",7,18,23,33478,6238,"ChangDay-2",31,NA,70,0.034,NA,NA,NA,NA
"CatFoodExp2021",2020,2022,16481,"HV",7,18,23,33478,6239,"ChangDay0",33,NA,72,0.042,NA,NA,NA,NA
"CatFoodExp2021",2020,2022,16481,"HV",7,18,23,33478,6240,"ChangDay0",33,54,NA,NA,NA,NA,NA,NA
"CatFoodExp2021",2020,2022,16481,"HV",7,18,23,33478,6241,"ConstDay0",33,NA,70,0.038,NA,NA,NA,NA
"CatFoodExp2021",2020,2022,16481,"HV",7,18,23,33478,6242,"ConstDay0",33,54,NA,NA,NA,NA,NA,NA
"CatFoodExp2021",2020,2022,16481,"HV",7,18,23,33479,6243,"ConstDay0",33,NA,70,0.048,NA,NA,NA,NA
"CatFoodExp2021",2020,2022,16481,"HV",7,18,23,33479,6244,"ChangDay0",33,70,NA,NA,NA,NA,NA,NA
"CatFoodExp2021",2020,2022,16481,"HV",7,18,23,33479,6245,"ChangDay+1",34,NA,75,0.021,NA,NA,NA,NA
"CatFoodExp2021",2020,2022,16481,"HV",7,18,23,33479,6246,"ChangDay+1",34,72,NA,NA,NA,NA,NA,NA
"CatFoodExp2021",2020,2022,16481,"HV",7,18,23,33479,6247,"ChangDay+1",34,NA,68,0.05,NA,NA,NA,NA
"CatFoodExp2021",2020,2022,16481,"HV",7,18,23,33480,6248,"ChangDay+2",35,56,NA,NA,NA,NA,NA,NA
"CatFoodExp2021",2020,2022,16481,"HV",7,18,23,33480,6249,"ChangDay+2",35,56,NA,NA,NA,NA,NA,NA
"CatFoodExp2021",2020,2022,16481,"HV",7,18,23,33480,6250,"ConstDay+2",35,NA,70,0.043,NA,NA,NA,NA
"CatFoodExp2021",2020,2022,16481,"HV",7,18,23,33480,6251,"ChangDay+3",36,79,NA,NA,NA,NA,NA,NA
"CatFoodExp2021",2020,2022,16481,"HV",7,18,23,33480,6252,"ChangDay+3",36,56,NA,NA,NA,NA,NA,NA
"CatFoodExp2021",2020,2022,16481,"HV",7,18,23,33480,6253,"ChangDay+3",36,NA,72,0.025,NA,NA,NA,NA
"CatFoodExp2021",2020,2022,16481,"HV",7,18,23,33481,6254,"ConstDay+2",35,77,NA,NA,NA,NA,NA,NA
"CatFoodExp2021",2020,2022,16481,"HV",7,18,23,33481,6255,"ConstDay+2",35,NA,70,0.041,52,0.014,"male",NA
"CatFoodExp2021",2020,2022,16481,"HV",7,18,23,33481,6256,"ChangDay+2",35,56,NA,NA,NA,NA,NA,NA
"CatFoodExp2021",2020,2022,16481,"HV",7,18,23,33482,6257,"ChangDay+4",37,65,NA,NA,NA,NA,NA,NA
"CatFoodExp2021",2020,2022,16481,"HV",7,18,23,33482,6258,"ConstDay+4",37,58,NA,NA,NA,NA,NA,NA
"CatFoodExp2021",2020,2022,16481,"HV",7,18,23,33482,6259,"ConstDay+4",37,NA,72,0.039,NA,NA,NA,NA
"CatFoodExp2021",2020,2022,16481,"HV",7,18,23,33483,6260,"ConstDay+4",37,NA,75,0.037,NA,NA,NA,NA
"CatFoodExp2021",2020,2022,16481,"HV",7,18,23,33483,6261,"ChangDay+4",37,NA,75,0.02,NA,NA,NA,NA
"CatFoodExp2021",2020,2022,16481,"HV",7,18,23,33483,6262,"ChangDay+4",37,NA,82,0.011,NA,NA,NA,NA
"CatFoodExp2021",2020,2022,16481,"HV",7,18,23,33483,6263,"ChangDay+5",38,NA,77,0.044,NA,NA,NA,NA
"CatFoodExp2021",2020,2022,16481,"HV",7,18,23,33483,6264,"ChangDay+5",38,72,NA,NA,NA,NA,NA,NA
"CatFoodExp2021",2020,2022,16481,"HV",7,18,23,33483,6265,"ChangDay+5",38,84,NA,NA,NA,NA,NA,NA
"CatFoodExp2021",2020,2022,16525,"HV",1,38,26,33486,6266,"ConstDay-4",29,50,NA,NA,NA,NA,NA,NA
"CatFoodExp2021",2020,2022,16525,"HV",1,38,26,33486,6267,"ConstDay-4",29,50,NA,NA,NA,NA,NA,NA
"CatFoodExp2021",2020,2022,16525,"HV",1,38,26,33487,6268,"ConstDay-4",29,50,NA,NA,NA,NA,NA,NA
"CatFoodExp2021",2020,2022,16525,"HV",1,38,26,33487,6269,"ChangDay-4",29,50,NA,NA,NA,NA,NA,NA
"CatFoodExp2021",2020,2022,16525,"HV",1,38,26,33487,6270,"ChangDay-4",29,50,NA,NA,NA,NA,NA,NA
"CatFoodExp2021",2020,2022,16525,"HV",1,38,26,33487,6271,"ChangDay-4",29,50,NA,NA,NA,NA,NA,NA
"CatFoodExp2021",2020,2022,16525,"HV",1,38,26,33487,6272,"ChangDay-3",30,50,NA,NA,NA,NA,NA,NA
"CatFoodExp2021",2020,2022,16525,"HV",1,38,26,33487,6273,"ChangDay-3",30,50,NA,NA,NA,NA,NA,NA
"CatFoodExp2021",2020,2022,16525,"HV",1,38,26,33487,6274,"ChangDay-3",30,50,NA,NA,NA,NA,NA,NA
"CatFoodExp2021",2020,2022,16525,"HV",1,38,26,33488,6275,"ChangDay-2",31,52,NA,NA,NA,NA,NA,NA
"CatFoodExp2021",2020,2022,16525,"HV",1,38,26,33488,6276,"ConstDay-2",31,52,NA,NA,NA,NA,NA,NA
"CatFoodExp2021",2020,2022,16525,"HV",1,38,26,33488,6277,"ConstDay-2",31,52,NA,NA,NA,NA,NA,NA
"CatFoodExp2021",2020,2022,16525,"HV",1,38,26,33489,6278,"ConstDay-2",31,50,NA,NA,NA,NA,NA,NA
"CatFoodExp2021",2020,2022,16525,"HV",1,38,26,33489,6279,"ChangDay0",33,NA,70,0.037,NA,NA,NA,NA
"CatFoodExp2021",2020,2022,16525,"HV",1,38,26,33489,6280,"ConstDay0",33,54,NA,NA,NA,NA,NA,NA
"CatFoodExp2021",2020,2022,16525,"HV",1,38,26,33489,6281,"ChangDay-1",32,52,NA,NA,NA,NA,NA,NA
"CatFoodExp2021",2020,2022,16525,"HV",1,38,26,33489,6282,"ChangDay-1",32,52,NA,NA,NA,NA,NA,NA
"CatFoodExp2021",2020,2022,16525,"HV",1,38,26,33489,6283,"ChangDay-1",32,52,NA,NA,NA,NA,NA,NA
"CatFoodExp2021",2020,2022,16525,"HV",1,38,26,33490,6284,"ChangDay0",33,54,NA,NA,NA,NA,NA,NA
"CatFoodExp2021",2020,2022,16525,"HV",1,38,26,33490,6285,"ChangDay0",33,54,NA,NA,NA,NA,NA,NA
"CatFoodExp2021",2020,2022,16525,"HV",1,38,26,33490,6286,"ChangDay-2",31,52,NA,NA,NA,NA,NA,NA
"CatFoodExp2021",2020,2022,16525,"HV",1,38,26,33490,6287,"ChangDay-2",31,52,NA,NA,NA,NA,NA,NA
"CatFoodExp2021",2020,2022,16525,"HV",1,38,26,33491,6288,"ConstDay0",33,NA,68,0.039,NA,NA,NA,NA
"CatFoodExp2021",2020,2022,16525,"HV",1,38,26,33491,6289,"ChangDay+1",34,62,NA,NA,NA,NA,NA,NA
"CatFoodExp2021",2020,2022,16525,"HV",1,38,26,33491,6290,"ChangDay+1",34,NA,68,0.044,NA,NA,NA,NA
"CatFoodExp2021",2020,2022,16525,"HV",1,38,26,33491,6291,"ChangDay+1",34,NA,70,0.044,33,0.024,"male",NA
"CatFoodExp2021",2020,2022,16525,"HV",1,38,26,33493,6292,"ChangDay+2",35,56,NA,NA,NA,NA,NA,NA
"CatFoodExp2021",2020,2022,16525,"HV",1,38,26,33493,6293,"ChangDay+2",35,NA,72,0.039,NA,NA,NA,NA
"CatFoodExp2021",2020,2022,16525,"HV",1,38,26,33493,6294,"ChangDay+2",35,NA,70,0.035,NA,NA,NA,NA
"CatFoodExp2021",2020,2022,16525,"HV",1,38,26,33494,6295,"ConstDay+2",35,63,NA,NA,NA,NA,NA,NA
"CatFoodExp2021",2020,2022,16525,"HV",1,38,26,33494,6296,"ConstDay+2",35,NA,70,0.049,NA,NA,NA,NA
"CatFoodExp2021",2020,2022,16525,"HV",1,38,26,33494,6297,"ConstDay+2",35,72,NA,NA,NA,NA,NA,NA
"CatFoodExp2021",2020,2022,16525,"HV",1,38,26,33495,6298,"ChangDay+3",36,NA,72,0.027,NA,NA,NA,NA
"CatFoodExp2021",2020,2022,16525,"HV",1,38,26,33495,6299,"ChangDay+3",36,NA,72,0.028,NA,NA,NA,NA
"CatFoodExp2021",2020,2022,16525,"HV",1,38,26,33495,6300,"ChangDay+3",36,NA,72,0.05,NA,NA,NA,NA
"CatFoodExp2021",2020,2022,16525,"HV",1,38,26,33496,6301,"ChangDay+4",37,NA,77,0.04,NA,NA,NA,NA
"CatFoodExp2021",2020,2022,16525,"HV",1,38,26,33496,6302,"ChangDay+4",37,NA,72,0.032,NA,NA,NA,NA
"CatFoodExp2021",2020,2022,16525,"HV",1,38,26,33496,6303,"ChangDay+4",37,NA,72,0.036,NA,NA,NA,NA
"CatFoodExp2021",2020,2022,16525,"HV",1,38,26,33496,6304,"ConstDay+4",37,NA,70,0.045,NA,NA,NA,NA
"CatFoodExp2021",2020,2022,16525,"HV",1,38,26,33496,6305,"ConstDay+4",37,NA,72,0.039,NA,NA,NA,NA
"CatFoodExp2021",2020,2022,16525,"HV",1,38,26,33496,6306,"ConstDay+4",37,NA,72,0.024,NA,NA,NA,NA
"CatFoodExp2021",2020,2022,16525,"HV",1,38,26,33496,6307,"ChangDay+5",38,58,NA,NA,NA,NA,NA,NA
"CatFoodExp2021",2020,2022,16525,"HV",1,38,26,33496,6308,"ChangDay+5",38,58,NA,NA,NA,NA,NA,NA
"CatFoodExp2021",2020,2022,16525,"HV",1,38,26,33496,6309,"ChangDay+5",38,NA,75,0.024,NA,NA,NA,NA
"CatFoodExp2021",2020,2022,16547,"OH",5,1,30,33497,6310,"ChangDay-3",30,50,NA,NA,NA,NA,NA,NA
"CatFoodExp2021",2020,2022,16547,"OH",5,1,30,33497,6311,"ConstDay-4",29,50,NA,NA,NA,NA,NA,NA
"CatFoodExp2021",2020,2022,16547,"OH",5,1,30,33497,6312,"ConstDay-4",29,50,NA,NA,NA,NA,NA,NA
"CatFoodExp2021",2020,2022,16547,"OH",5,1,30,33497,6313,"ConstDay-4",29,50,NA,NA,NA,NA,NA,NA
"CatFoodExp2021",2020,2022,16547,"OH",5,1,30,33498,6314,"ChangDay-4",29,50,NA,NA,NA,NA,NA,NA
"CatFoodExp2021",2020,2022,16547,"OH",5,1,30,33498,6315,"ChangDay-4",29,50,NA,NA,NA,NA,NA,NA
"CatFoodExp2021",2020,2022,16547,"OH",5,1,30,33498,6316,"ChangDay-4",29,50,NA,NA,NA,NA,NA,NA
"CatFoodExp2021",2020,2022,16547,"OH",5,1,30,33498,6317,"ChangDay-3",30,50,NA,NA,NA,NA,NA,NA
"CatFoodExp2021",2020,2022,16547,"OH",5,1,30,33498,6318,"ChangDay-3",30,50,NA,NA,NA,NA,NA,NA
"CatFoodExp2021",2020,2022,16547,"OH",5,1,30,33498,6319,"ConstDay-2",31,NA,68,0.052,NA,NA,NA,NA
"CatFoodExp2021",2020,2022,16547,"OH",5,1,30,33499,6320,"ChangDay-2",31,52,NA,NA,NA,NA,NA,NA
"CatFoodExp2021",2020,2022,16547,"OH",5,1,30,33499,6321,"ChangDay-2",31,52,NA,NA,NA,NA,NA,NA
"CatFoodExp2021",2020,2022,16547,"OH",5,1,30,33499,6322,"ChangDay-1",32,52,NA,NA,NA,NA,NA,NA
"CatFoodExp2021",2020,2022,16547,"OH",5,1,30,33499,6323,"ChangDay+3",36,NA,75,0.039,NA,NA,NA,NA
"CatFoodExp2021",2020,2022,16547,"OH",5,1,30,33499,6324,"ChangDay+3",36,72,NA,NA,NA,NA,NA,NA
"CatFoodExp2021",2020,2022,16547,"OH",5,1,30,33499,6325,"ChangDay+3",36,67,NA,NA,NA,NA,NA,NA
"CatFoodExp2021",2020,2022,16547,"OH",5,1,30,33500,6326,"ChangDay-1",32,52,NA,NA,NA,NA,NA,NA
"CatFoodExp2021",2020,2022,16547,"OH",5,1,30,33500,6327,"ChangDay-1",32,52,NA,NA,NA,NA,NA,NA
"CatFoodExp2021",2020,2022,16547,"OH",5,1,30,33500,6328,"ChangDay-2",31,52,NA,NA,NA,NA,NA,NA
"CatFoodExp2021",2020,2022,16547,"OH",5,1,30,33500,6329,"ConstDay-2",31,50,NA,NA,NA,NA,NA,NA
"CatFoodExp2021",2020,2022,16547,"OH",5,1,30,33500,6330,"ConstDay-2",31,52,NA,NA,NA,NA,NA,NA
"CatFoodExp2021",2020,2022,16547,"OH",5,1,30,33500,6331,"ChangDay0",33,NA,68,0.053,NA,NA,NA,NA
"CatFoodExp2021",2020,2022,16547,"OH",5,1,30,33500,6332,"ConstDay0",33,54,NA,NA,NA,NA,NA,NA
"CatFoodExp2021",2020,2022,16547,"OH",5,1,30,33501,6333,"ConstDay0",33,65,NA,NA,NA,NA,NA,NA
"CatFoodExp2021",2020,2022,16547,"OH",5,1,30,33501,6334,"ConstDay0",33,NA,68,0.048,NA,NA,NA,NA
"CatFoodExp2021",2020,2022,16547,"OH",5,1,30,33501,6335,"ChangDay0",33,54,NA,NA,NA,NA,NA,NA
"CatFoodExp2021",2020,2022,16547,"OH",5,1,30,33501,6336,"ChangDay0",33,NA,72,0.046,NA,NA,NA,NA
"CatFoodExp2021",2020,2022,16547,"OH",5,1,30,33501,6337,"ChangDay+2",35,NA,82,0.016,NA,NA,NA,NA
"CatFoodExp2021",2020,2022,16547,"OH",5,1,30,33501,6338,"ConstDay+2",35,NA,72,0.05,NA,NA,NA,NA
"CatFoodExp2021",2020,2022,16547,"OH",5,1,30,33502,6339,"ConstDay+2",35,NA,70,0.04,NA,NA,NA,NA
"CatFoodExp2021",2020,2022,16547,"OH",5,1,30,33502,6340,"ChangDay+2",35,NA,72,0.031,NA,NA,NA,NA
"CatFoodExp2021",2020,2022,16547,"OH",5,1,30,33502,6341,"ChangDay+1",34,54,NA,NA,NA,NA,NA,NA
"CatFoodExp2021",2020,2022,16547,"OH",5,1,30,33502,6342,"ChangDay+1",34,NA,68,0.033,NA,NA,NA,NA
"CatFoodExp2021",2020,2022,16547,"OH",5,1,30,33502,6343,"ChangDay+1",34,NA,68,0.055,NA,NA,NA,NA
"CatFoodExp2021",2020,2022,16547,"OH",5,1,30,33504,6344,"ChangDay+2",35,NA,75,0.026,NA,NA,NA,NA
"CatFoodExp2021",2020,2022,16547,"OH",5,1,30,33504,6345,"ConstDay+2",35,NA,72,0.035,NA,NA,NA,NA
"CatFoodExp2021",2020,2022,16547,"OH",5,1,30,33505,6346,"ChangDay+5",38,58,NA,NA,NA,NA,NA,NA
"CatFoodExp2021",2020,2022,16547,"OH",5,1,30,33505,6347,"ChangDay+5",38,NA,72,0.045,NA,NA,NA,NA
"CatFoodExp2021",2020,2022,16547,"OH",5,1,30,33505,6348,"ChangDay+5",38,NA,72,0.028,NA,NA,NA,NA
"CatFoodExp2021",2020,2022,16547,"OH",5,1,30,33506,6349,"ChangDay+4",37,58,NA,NA,NA,NA,NA,NA
"CatFoodExp2021",2020,2022,16547,"OH",5,1,30,33506,6350,"ChangDay+4",37,NA,70,0.034,36,0.008,"male",NA
"CatFoodExp2021",2020,2022,16547,"OH",5,1,30,33506,6351,"ChangDay+4",37,58,NA,NA,NA,NA,NA,NA
"CatFoodExp2021",2020,2022,16547,"OH",5,1,30,33506,6352,"ConstDay+4",37,58,NA,NA,NA,NA,NA,NA
"CatFoodExp2021",2020,2022,16547,"OH",5,1,30,33506,6353,"ConstDay+4",37,58,NA,NA,NA,NA,NA,NA
"CatFoodExp2021",2020,2022,16547,"OH",5,1,30,33506,6354,"ConstDay+4",37,75,NA,NA,NA,NA,NA,NA
"CatFoodExp2021",2020,2022,16590,"DO",5,1,30,33508,6355,"ChangDay-3",30,50,NA,NA,NA,NA,NA,NA
"CatFoodExp2021",2020,2022,16590,"DO",5,1,30,33508,6356,"ChangDay-3",30,50,NA,NA,NA,NA,NA,NA
"CatFoodExp2021",2020,2022,16590,"DO",5,1,30,33508,6357,"ChangDay-4",29,50,NA,NA,NA,NA,NA,NA
"CatFoodExp2021",2020,2022,16590,"DO",5,1,30,33508,6358,"ChangDay-4",29,50,NA,NA,NA,NA,NA,NA
"CatFoodExp2021",2020,2022,16590,"DO",5,1,30,33508,6359,"ConstDay-4",29,50,NA,NA,NA,NA,NA,NA
"CatFoodExp2021",2020,2022,16590,"DO",5,1,30,33508,6360,"ConstDay-4",29,50,NA,NA,NA,NA,NA,NA
"CatFoodExp2021",2020,2022,16590,"DO",5,1,30,33509,6361,"ChangDay-3",30,50,NA,NA,NA,NA,NA,NA
"CatFoodExp2021",2020,2022,16590,"DO",5,1,30,33509,6362,"ChangDay-2",31,52,NA,NA,NA,NA,NA,NA
"CatFoodExp2021",2020,2022,16590,"DO",5,1,30,33509,6363,"ConstDay-2",31,52,NA,NA,NA,NA,NA,NA
"CatFoodExp2021",2020,2022,16590,"DO",5,1,30,33510,6364,"ConstDay-2",31,52,NA,NA,NA,NA,NA,NA
"CatFoodExp2021",2020,2022,16590,"DO",5,1,30,33510,6365,"ConstDay-2",31,50,NA,NA,NA,NA,NA,NA
"CatFoodExp2021",2020,2022,16590,"DO",5,1,30,33510,6366,"ChangDay-2",31,52,NA,NA,NA,NA,NA,NA
"CatFoodExp2021",2020,2022,16590,"DO",5,1,30,33510,6367,"ChangDay0",33,54,NA,NA,NA,NA,NA,NA
"CatFoodExp2021",2020,2022,16590,"DO",5,1,30,33510,6368,"ConstDay0",33,NA,65,0.047,NA,NA,NA,NA
"CatFoodExp2021",2020,2022,16590,"DO",5,1,30,33510,6369,"ChangDay-4",29,50,NA,NA,NA,NA,NA,NA
"CatFoodExp2021",2020,2022,16590,"DO",5,1,30,33510,6370,"ChangDay-1",32,52,NA,NA,NA,NA,NA,NA
"CatFoodExp2021",2020,2022,16590,"DO",5,1,30,33511,6371,"ChangDay-1",32,52,NA,NA,NA,NA,NA,NA
"CatFoodExp2021",2020,2022,16590,"DO",5,1,30,33511,6372,"ChangDay-1",32,52,NA,NA,NA,NA,NA,NA
"CatFoodExp2021",2020,2022,16590,"DO",5,1,30,33511,6373,"ConstDay0",33,NA,68,0.052,NA,NA,NA,NA
"CatFoodExp2021",2020,2022,16590,"DO",5,1,30,33511,6374,"ChangDay0",33,54,NA,NA,NA,NA,NA,NA
"CatFoodExp2021",2020,2022,16590,"DO",5,1,30,33511,6375,"ChangDay-2",31,52,NA,NA,NA,NA,NA,NA
"CatFoodExp2021",2020,2022,16590,"DO",5,1,30,33512,6376,"ChangDay0",33,54,NA,NA,NA,NA,NA,NA
"CatFoodExp2021",2020,2022,16590,"DO",5,1,30,33512,6377,"ConstDay0",33,NA,68,0.066,NA,NA,NA,NA
"CatFoodExp2021",2020,2022,16590,"DO",5,1,30,33513,6378,"ChangDay+2",35,NA,68,0.041,NA,NA,NA,NA
"CatFoodExp2021",2020,2022,16590,"DO",5,1,30,33513,6379,"ChangDay+2",35,NA,72,0.036,NA,NA,NA,NA
"CatFoodExp2021",2020,2022,16590,"DO",5,1,30,33513,6380,"ChangDay+2",35,NA,72,0.065,NA,NA,NA,NA
"CatFoodExp2021",2020,2022,16590,"DO",5,1,30,33513,6381,"ConstDay+2",35,56,NA,NA,NA,NA,NA,NA
"CatFoodExp2021",2020,2022,16590,"DO",5,1,30,33513,6382,"ConstDay+2",35,NA,70,0.049,NA,NA,NA,NA
"CatFoodExp2021",2020,2022,16590,"DO",5,1,30,33513,6383,"ChangDay+1",34,NA,68,0.048,NA,NA,NA,NA
"CatFoodExp2021",2020,2022,16590,"DO",5,1,30,33513,6384,"ChangDay+1",34,NA,70,0.052,NA,NA,NA,NA
"CatFoodExp2021",2020,2022,16590,"DO",5,1,30,33513,6385,"ChangDay+1",34,54,NA,NA,NA,NA,NA,NA
"CatFoodExp2021",2020,2022,16590,"DO",5,1,30,33514,6386,"ConstDay+2",35,NA,72,0.049,NA,NA,NA,NA
"CatFoodExp2021",2020,2022,16590,"DO",5,1,30,33514,6387,"ChangDay+3",36,NA,75,0.041,NA,NA,NA,NA
"CatFoodExp2021",2020,2022,16590,"DO",5,1,30,33514,6388,"ChangDay+3",36,NA,72,0.038,NA,NA,NA,NA
"CatFoodExp2021",2020,2022,16590,"DO",5,1,30,33514,6389,"ChangDay+3",36,NA,72,0.05,NA,NA,NA,NA
"CatFoodExp2021",2020,2022,16590,"DO",5,1,30,33515,6390,"ChangDay+4",37,NA,77,0.024,NA,NA,NA,NA
"CatFoodExp2021",2020,2022,16590,"DO",5,1,30,33515,6391,"ConstDay+4",37,NA,75,0.029,NA,NA,NA,NA
"CatFoodExp2021",2020,2022,16590,"DO",5,1,30,33516,6392,"ConstDay+4",37,58,NA,NA,NA,NA,NA,NA
"CatFoodExp2021",2020,2022,16590,"DO",5,1,30,33516,6393,"ConstDay+4",37,NA,70,0.053,NA,NA,NA,NA
"CatFoodExp2021",2020,2022,16590,"DO",5,1,30,33516,6394,"ChangDay+5",38,65,NA,NA,NA,NA,NA,NA
"CatFoodExp2021",2020,2022,16590,"DO",5,1,30,33516,6395,"ChangDay+5",38,NA,75,0.044,NA,NA,NA,NA
"CatFoodExp2021",2020,2022,16590,"DO",5,1,30,33516,6396,"ChangDay+5",38,NA,79,0.058,NA,NA,NA,NA
"CatFoodExp2021",2020,2022,16590,"DO",5,1,30,33516,6397,"ChangDay+4",37,58,NA,NA,NA,NA,NA,NA
"CatFoodExp2021",2020,2022,16590,"DO",5,1,30,33516,6398,"ChangDay+4",37,58,NA,NA,NA,NA,NA,NA
"CatFoodExp2021",2020,2022,16609,"WA",3,7,30,33519,6399,"ChangDay-2",31,52,NA,NA,NA,NA,NA,NA
"CatFoodExp2021",2020,2022,16609,"WA",3,7,30,33519,6400,"ConstDay-4",29,50,NA,NA,NA,NA,NA,NA
"CatFoodExp2021",2020,2022,16609,"WA",3,7,30,33519,6401,"ChangDay-3",30,50,NA,NA,NA,NA,NA,NA
"CatFoodExp2021",2020,2022,16609,"WA",3,7,30,33519,6402,"ChangDay-3",30,50,NA,NA,NA,NA,NA,NA
"CatFoodExp2021",2020,2022,16609,"WA",3,7,30,33520,6403,"ChangDay-3",30,50,NA,NA,NA,NA,NA,NA
"CatFoodExp2021",2020,2022,16609,"WA",3,7,30,33520,6404,"ConstDay-4",29,50,NA,NA,NA,NA,NA,NA
"CatFoodExp2021",2020,2022,16609,"WA",3,7,30,33520,6405,"ChangDay-2",31,52,NA,NA,NA,NA,NA,NA
"CatFoodExp2021",2020,2022,16609,"WA",3,7,30,33520,6406,"ConstDay-2",31,52,NA,NA,NA,NA,NA,NA
"CatFoodExp2021",2020,2022,16609,"WA",3,7,30,33521,6407,"ChangDay-2",31,52,NA,NA,NA,NA,NA,NA
"CatFoodExp2021",2020,2022,16609,"WA",3,7,30,33521,6408,"ChangDay0",33,NA,68,0.055,NA,NA,NA,NA
"CatFoodExp2021",2020,2022,16609,"WA",3,7,30,33521,6409,"ConstDay-4",29,50,NA,NA,NA,NA,NA,NA
"CatFoodExp2021",2020,2022,16609,"WA",3,7,30,33521,6410,"ChangDay-4",29,50,NA,NA,NA,NA,NA,NA
"CatFoodExp2021",2020,2022,16609,"WA",3,7,30,33521,6411,"ChangDay-4",29,50,NA,NA,NA,NA,NA,NA
"CatFoodExp2021",2020,2022,16609,"WA",3,7,30,33521,6412,"ChangDay-4",29,50,NA,NA,NA,NA,NA,NA
"CatFoodExp2021",2020,2022,16609,"WA",3,7,30,33521,6413,"ChangDay-1",32,52,NA,NA,NA,NA,NA,NA
"CatFoodExp2021",2020,2022,16609,"WA",3,7,30,33522,6414,"ChangDay-1",32,52,NA,NA,NA,NA,NA,NA
"CatFoodExp2021",2020,2022,16609,"WA",3,7,30,33522,6415,"ChangDay-1",32,NA,70,0.034,NA,NA,NA,NA
"CatFoodExp2021",2020,2022,16609,"WA",3,7,30,33522,6416,"ChangDay0",33,54,NA,NA,NA,NA,NA,NA
"CatFoodExp2021",2020,2022,16609,"WA",3,7,30,33522,6417,"ConstDay-2",31,50,NA,NA,NA,NA,NA,NA
"CatFoodExp2021",2020,2022,16609,"WA",3,7,30,33522,6418,"ConstDay-2",31,52,NA,NA,NA,NA,NA,NA
"CatFoodExp2021",2020,2022,16609,"WA",3,7,30,33523,6419,"ChangDay+2",35,NA,70,0.045,NA,NA,NA,NA
"CatFoodExp2021",2020,2022,16609,"WA",3,7,30,33523,6420,"ChangDay+2",35,56,NA,NA,NA,NA,NA,NA
"CatFoodExp2021",2020,2022,16609,"WA",3,7,30,33523,6421,"ConstDay+2",35,58,NA,NA,NA,NA,NA,NA
"CatFoodExp2021",2020,2022,16609,"WA",3,7,30,33523,6422,"ConstDay+2",35,NA,70,0.034,NA,NA,NA,NA
"CatFoodExp2021",2020,2022,16609,"WA",3,7,30,33524,6423,"ConstDay+2",35,68,NA,NA,NA,NA,NA,NA
"CatFoodExp2021",2020,2022,16609,"WA",3,7,30,33524,6424,"ChangDay+2",35,NA,70,0.04,33,0.015,"female","mold 8/11"
"CatFoodExp2021",2020,2022,16609,"WA",3,7,30,33524,6425,"ChangDay+1",34,NA,70,0.038,54,0.017,"female","mold 9/11"
"CatFoodExp2021",2020,2022,16609,"WA",3,7,30,33524,6426,"ChangDay+1",34,63,NA,NA,NA,NA,NA,NA
"CatFoodExp2021",2020,2022,16609,"WA",3,7,30,33524,6427,"ChangDay+1",34,NA,63,0.043,NA,NA,NA,NA
"CatFoodExp2021",2020,2022,16609,"WA",3,7,30,33524,6428,"ChangDay0",33,54,NA,NA,NA,NA,NA,NA
"CatFoodExp2021",2020,2022,16609,"WA",3,7,30,33525,6429,"ChangDay+5",38,62,NA,NA,NA,NA,NA,NA
"CatFoodExp2021",2020,2022,16609,"WA",3,7,30,33525,6430,"ChangDay+5",38,NA,75,0.019,NA,NA,NA,NA
"CatFoodExp2021",2020,2022,16609,"WA",3,7,30,33525,6431,"ChangDay+5",38,58,NA,NA,NA,NA,NA,NA
"CatFoodExp2021",2020,2022,16609,"WA",3,7,30,33526,6432,"ChangDay+4",37,NA,70,0.041,NA,NA,NA,NA
"CatFoodExp2021",2020,2022,16609,"WA",3,7,30,33526,6433,"ChangDay+4",37,NA,72,0.031,NA,NA,NA,NA
"CatFoodExp2021",2020,2022,16609,"WA",3,7,30,33526,6434,"ChangDay+4",37,58,NA,NA,NA,NA,NA,NA
"CatFoodExp2021",2020,2022,16609,"WA",3,7,30,33526,6435,"ConstDay+4",37,NA,72,0.033,NA,NA,NA,NA
"CatFoodExp2021",2020,2022,16609,"WA",3,7,30,33526,6436,"ConstDay+4",37,NA,70,0.04,NA,NA,NA,NA
"CatFoodExp2021",2020,2022,16609,"WA",3,7,30,33526,6437,"ConstDay+4",37,75,NA,NA,NA,NA,NA,NA
"CatFoodExp2021",2020,2022,16609,"WA",3,7,30,33526,6438,"ChangDay+3",36,NA,75,0.029,NA,NA,NA,NA
"CatFoodExp2021",2020,2022,16609,"WA",3,7,30,33526,6439,"ChangDay+3",36,56,NA,NA,NA,NA,NA,NA
"CatFoodExp2021",2020,2022,16609,"WA",3,7,30,33526,6440,"ChangDay+3",36,NA,70,0.055,NA,NA,NA,NA
"CatFoodExp2021",2020,2022,16612,"HV",1,38,30,33531,6441,"ConstDay-4",29,50,NA,NA,NA,NA,NA,NA
"CatFoodExp2021",2020,2022,16612,"HV",1,38,30,33531,6442,"ConstDay-4",29,50,NA,NA,NA,NA,NA,NA
"CatFoodExp2021",2020,2022,16612,"HV",1,38,30,33531,6443,"ConstDay-4",29,50,NA,NA,NA,NA,NA,NA
"CatFoodExp2021",2020,2022,16612,"HV",1,38,30,33531,6444,"ChangDay-3",30,50,NA,NA,NA,NA,NA,NA
"CatFoodExp2021",2020,2022,16612,"HV",1,38,30,33532,6445,"ChangDay-3",30,NA,68,0.046,NA,NA,NA,NA
"CatFoodExp2021",2020,2022,16612,"HV",1,38,30,33532,6446,"ChangDay-3",30,50,NA,NA,NA,NA,NA,NA
"CatFoodExp2021",2020,2022,16612,"HV",1,38,30,33532,6447,"ChangDay-4",29,50,NA,NA,NA,NA,NA,NA
"CatFoodExp2021",2020,2022,16612,"HV",1,38,30,33532,6448,"ChangDay-4",29,50,NA,NA,NA,NA,NA,NA
"CatFoodExp2021",2020,2022,16612,"HV",1,38,30,33532,6449,"ChangDay-4",29,50,NA,NA,NA,NA,NA,NA
"CatFoodExp2021",2020,2022,16612,"HV",1,38,30,33533,6450,"ChangDay-1",32,NA,68,0.046,NA,NA,NA,NA
"CatFoodExp2021",2020,2022,16612,"HV",1,38,30,33533,6451,"ChangDay-1",32,NA,70,0.032,NA,NA,NA,NA
"CatFoodExp2021",2020,2022,16612,"HV",1,38,30,33533,6452,"ChangDay-1",32,NA,75,0.024,NA,NA,NA,NA
"CatFoodExp2021",2020,2022,16612,"HV",1,38,30,33533,6453,"ChangDay-2",31,52,NA,NA,NA,NA,NA,NA
"CatFoodExp2021",2020,2022,16612,"HV",1,38,30,33533,6454,"ConstDay-2",31,50,NA,NA,NA,NA,NA,NA
"CatFoodExp2021",2020,2022,16612,"HV",1,38,30,33533,6455,"ConstDay-2",31,52,NA,NA,NA,NA,NA,NA
"CatFoodExp2021",2020,2022,16612,"HV",1,38,30,33534,6456,"ConstDay-2",31,52,NA,NA,NA,NA,NA,NA
"CatFoodExp2021",2020,2022,16612,"HV",1,38,30,33534,6457,"ChangDay-2",31,52,NA,NA,NA,NA,NA,NA
"CatFoodExp2021",2020,2022,16612,"HV",1,38,30,33534,6458,"ChangDay0",33,NA,70,0.043,NA,NA,NA,NA
"CatFoodExp2021",2020,2022,16612,"HV",1,38,30,33534,6459,"ConstDay0",33,54,NA,NA,NA,NA,NA,NA
"CatFoodExp2021",2020,2022,16612,"HV",1,38,30,33535,6460,"ConstDay0",33,NA,70,0.04,NA,NA,NA,NA
"CatFoodExp2021",2020,2022,16612,"HV",1,38,30,33535,6461,"ConstDay0",33,52,NA,NA,NA,NA,NA,NA
"CatFoodExp2021",2020,2022,16612,"HV",1,38,30,33535,6462,"ChangDay0",33,54,NA,NA,NA,NA,NA,NA
"CatFoodExp2021",2020,2022,16612,"HV",1,38,30,33535,6463,"ChangDay0",33,54,NA,NA,NA,NA,NA,NA
"CatFoodExp2021",2020,2022,16612,"HV",1,38,30,33535,6464,"ChangDay-2",31,52,NA,NA,NA,NA,NA,NA
"CatFoodExp2021",2020,2022,16612,"HV",1,38,30,33536,6465,"ChangDay+1",34,NA,68,0.042,NA,NA,NA,NA
"CatFoodExp2021",2020,2022,16612,"HV",1,38,30,33536,6466,"ChangDay+1",34,NA,70,0.033,NA,NA,NA,NA
"CatFoodExp2021",2020,2022,16612,"HV",1,38,30,33536,6467,"ChangDay+1",34,NA,70,0.044,NA,NA,NA,NA
"CatFoodExp2021",2020,2022,16612,"HV",1,38,30,33537,6468,"ChangDay+3",36,NA,77,0.024,NA,NA,NA,NA
"CatFoodExp2021",2020,2022,16612,"HV",1,38,30,33537,6469,"ChangDay+3",36,56,NA,NA,NA,NA,NA,NA
"CatFoodExp2021",2020,2022,16612,"HV",1,38,30,33537,6470,"ChangDay+3",36,NA,75,0.02,NA,NA,NA,NA
"CatFoodExp2021",2020,2022,16612,"HV",1,38,30,33537,6471,"ChangDay+2",35,NA,72,0.033,NA,NA,NA,NA
"CatFoodExp2021",2020,2022,16612,"HV",1,38,30,33537,6472,"ChangDay+2",35,NA,70,0.055,NA,NA,NA,NA
"CatFoodExp2021",2020,2022,16612,"HV",1,38,30,33537,6473,"ChangDay+2",35,72,NA,NA,NA,NA,NA,NA
"CatFoodExp2021",2020,2022,16612,"HV",1,38,30,33537,6474,"ConstDay+2",35,58,NA,NA,NA,NA,NA,NA
"CatFoodExp2021",2020,2022,16612,"HV",1,38,30,33537,6475,"ConstDay+2",35,NA,70,0.037,NA,NA,NA,NA
"CatFoodExp2021",2020,2022,16612,"HV",1,38,30,33538,6476,"ConstDay+2",35,NA,70,0.045,NA,NA,NA,NA
"CatFoodExp2021",2020,2022,16612,"HV",1,38,30,33540,6477,"ChangDay+4",37,58,NA,NA,NA,NA,NA,NA
"CatFoodExp2021",2020,2022,16612,"HV",1,38,30,33540,6478,"ChangDay+4",37,NA,72,0.034,NA,NA,NA,NA
"CatFoodExp2021",2020,2022,16612,"HV",1,38,30,33540,6479,"ChangDay+4",37,NA,75,0.025,NA,NA,NA,NA
"CatFoodExp2021",2020,2022,16612,"HV",1,38,30,33540,6480,"ConstDay+4",37,63,NA,NA,NA,NA,NA,NA
"CatFoodExp2021",2020,2022,16612,"HV",1,38,30,33540,6481,"ConstDay+4",37,NA,72,0.033,NA,NA,NA,NA
"CatFoodExp2021",2020,2022,16612,"HV",1,38,30,33540,6482,"ConstDay+4",37,NA,75,0.028,NA,NA,NA,NA
"CatFoodExp2021",2020,2022,16612,"HV",1,38,30,33540,6483,"ChangDay+5",38,58,NA,NA,NA,NA,NA,NA
"CatFoodExp2021",2020,2022,16612,"HV",1,38,30,33540,6484,"ChangDay+5",38,58,NA,NA,NA,NA,NA,NA
"CatFoodExp2021",2020,2022,16612,"HV",1,38,30,33540,6485,"ChangDay+5",38,NA,75,0.021,NA,NA,NA,NA
"CatFoodExp2021",2020,2022,16624,"OH",1,5,33,33542,6486,"ChangDay-2",31,52,NA,NA,NA,NA,NA,NA
"CatFoodExp2021",2020,2022,16624,"OH",1,5,33,33542,6487,"ConstDay-2",31,NA,70,0.051,NA,NA,NA,NA
"CatFoodExp2021",2020,2022,16624,"OH",1,5,33,33542,6488,"ChangDay-4",29,50,NA,NA,NA,NA,NA,NA
"CatFoodExp2021",2020,2022,16624,"OH",1,5,33,33542,6489,"ConstDay-4",29,50,NA,NA,NA,NA,NA,NA
"CatFoodExp2021",2020,2022,16624,"OH",1,5,33,33542,6490,"ConstDay-4",29,50,NA,NA,NA,NA,NA,NA
"CatFoodExp2021",2020,2022,16624,"OH",1,5,33,33542,6491,"ChangDay-3",30,50,NA,NA,NA,NA,NA,NA
"CatFoodExp2021",2020,2022,16624,"OH",1,5,33,33543,6492,"ChangDay-3",30,79,NA,NA,NA,NA,NA,NA
"CatFoodExp2021",2020,2022,16624,"OH",1,5,33,33543,6493,"ChangDay-3",30,50,NA,NA,NA,NA,NA,NA
"CatFoodExp2021",2020,2022,16624,"OH",1,5,33,33543,6494,"ChangDay-4",29,50,NA,NA,NA,NA,NA,NA
"CatFoodExp2021",2020,2022,16624,"OH",1,5,33,33543,6495,"ChangDay-4",29,50,NA,NA,NA,NA,NA,NA
"CatFoodExp2021",2020,2022,16624,"OH",1,5,33,33543,6496,"ChangDay-1",32,NA,70,0.04,NA,NA,NA,NA
"CatFoodExp2021",2020,2022,16624,"OH",1,5,33,33543,6497,"ConstDay-2",31,50,NA,NA,NA,NA,NA,NA
"CatFoodExp2021",2020,2022,16624,"OH",1,5,33,33543,6498,"ChangDay-2",31,NA,72,0.031,NA,NA,NA,NA
"CatFoodExp2021",2020,2022,16624,"OH",1,5,33,33543,6499,"ConstDay0",33,NA,68,0.039,NA,NA,NA,NA
"CatFoodExp2021",2020,2022,16624,"OH",1,5,33,33544,6500,"ConstDay0",33,NA,68,0.042,NA,NA,NA,NA
"CatFoodExp2021",2020,2022,16624,"OH",1,5,33,33544,6501,"ConstDay0",33,NA,68,0.042,NA,NA,NA,NA
"CatFoodExp2021",2020,2022,16624,"OH",1,5,33,33544,6502,"ChangDay0",33,54,NA,NA,NA,NA,NA,NA
"CatFoodExp2021",2020,2022,16624,"OH",1,5,33,33544,6503,"ChangDay-2",31,52,NA,NA,NA,NA,NA,NA
"CatFoodExp2021",2020,2022,16624,"OH",1,5,33,33545,6504,"ChangDay0",33,NA,82,0.015,NA,NA,NA,NA
"CatFoodExp2021",2020,2022,16624,"OH",1,5,33,33545,6505,"ChangDay+1",34,54,NA,NA,NA,NA,NA,NA
"CatFoodExp2021",2020,2022,16624,"OH",1,5,33,33545,6506,"ChangDay+1",34,NA,68,0.048,NA,NA,NA,NA
"CatFoodExp2021",2020,2022,16624,"OH",1,5,33,33545,6507,"ChangDay+1",34,NA,70,0.061,40,0.031,"female","maybe not WM? Wings 'till half body with 2 black stripes"
"CatFoodExp2021",2020,2022,16624,"OH",1,5,33,33545,6508,"ChangDay-1",32,52,NA,NA,NA,NA,NA,NA
"CatFoodExp2021",2020,2022,16624,"OH",1,5,33,33545,6509,"ChangDay-1",32,NA,77,0.032,NA,NA,NA,NA
"CatFoodExp2021",2020,2022,16624,"OH",1,5,33,33546,6510,"ChangDay0",33,54,NA,NA,NA,NA,NA,NA
"CatFoodExp2021",2020,2022,16624,"OH",1,5,33,33546,6511,"ChangDay+2",35,NA,72,0.036,NA,NA,NA,NA
"CatFoodExp2021",2020,2022,16624,"OH",1,5,33,33546,6512,"ConstDay+2",35,NA,70,0.035,NA,NA,NA,NA
"CatFoodExp2021",2020,2022,16624,"OH",1,5,33,33547,6513,"ConstDay+2",35,56,NA,NA,NA,NA,NA,NA
"CatFoodExp2021",2020,2022,16624,"OH",1,5,33,33547,6514,"ChangDay+2",35,NA,70,0.035,NA,NA,NA,NA
"CatFoodExp2021",2020,2022,16624,"OH",1,5,33,33547,6515,"ChangDay+2",35,NA,72,0.048,NA,NA,NA,NA
"CatFoodExp2021",2020,2022,16624,"OH",1,5,33,33548,6516,"ConstDay+2",35,NA,70,0.038,NA,NA,NA,NA
"CatFoodExp2021",2020,2022,16624,"OH",1,5,33,33549,6517,"ChangDay+3",36,58,NA,NA,NA,NA,NA,NA
"CatFoodExp2021",2020,2022,16624,"OH",1,5,33,33549,6518,"ChangDay+3",36,NA,75,0.023,NA,NA,NA,NA
"CatFoodExp2021",2020,2022,16624,"OH",1,5,33,33549,6519,"ChangDay+3",36,NA,75,0.029,NA,NA,NA,NA
"CatFoodExp2021",2020,2022,16624,"OH",1,5,33,33549,6520,"ChangDay+5",38,NA,79,0.021,NA,NA,NA,NA
"CatFoodExp2021",2020,2022,16624,"OH",1,5,33,33549,6521,"ChangDay+5",38,62,NA,NA,NA,NA,NA,NA
"CatFoodExp2021",2020,2022,16624,"OH",1,5,33,33549,6522,"ChangDay+5",38,NA,77,0.015,NA,NA,NA,NA
"CatFoodExp2021",2020,2022,16624,"OH",1,5,33,33550,6523,"ChangDay+4",37,62,NA,NA,NA,NA,NA,NA
"CatFoodExp2021",2020,2022,16624,"OH",1,5,33,33550,6524,"ChangDay+4",37,NA,72,0.05,NA,NA,NA,NA
"CatFoodExp2021",2020,2022,16624,"OH",1,5,33,33550,6525,"ChangDay+4",37,NA,72,0.027,NA,NA,NA,NA
"CatFoodExp2021",2020,2022,16624,"OH",1,5,33,33550,6526,"ConstDay+4",37,58,NA,NA,NA,NA,NA,NA
"CatFoodExp2021",2020,2022,16624,"OH",1,5,33,33550,6527,"ConstDay+4",37,NA,72,0.031,NA,NA,NA,NA
"CatFoodExp2021",2020,2022,16624,"OH",1,5,33,33550,6528,"ConstDay+4",37,NA,75,0.027,NA,NA,NA,NA
"CatFoodExp2021",2020,2022,16644,"OH",4,7,33,33553,6529,"ChangDay-2",31,52,NA,NA,NA,NA,NA,NA
"CatFoodExp2021",2020,2022,16644,"OH",4,7,33,33553,6530,"ConstDay-2",31,52,NA,NA,NA,NA,NA,NA
"CatFoodExp2021",2020,2022,16644,"OH",4,7,33,33553,6531,"ChangDay-4",29,50,NA,NA,NA,NA,NA,NA
"CatFoodExp2021",2020,2022,16644,"OH",4,7,33,33553,6532,"ConstDay-4",29,50,NA,NA,NA,NA,NA,NA
"CatFoodExp2021",2020,2022,16644,"OH",4,7,33,33553,6533,"ConstDay-4",29,50,NA,NA,NA,NA,NA,NA
"CatFoodExp2021",2020,2022,16644,"OH",4,7,33,33553,6534,"ChangDay-3",30,50,NA,NA,NA,NA,NA,NA
"CatFoodExp2021",2020,2022,16644,"OH",4,7,33,33553,6535,"ChangDay-3",30,50,NA,NA,NA,NA,NA,NA
"CatFoodExp2021",2020,2022,16644,"OH",4,7,33,33554,6536,"ChangDay-3",30,50,NA,NA,NA,NA,NA,NA
"CatFoodExp2021",2020,2022,16644,"OH",4,7,33,33554,6537,"ChangDay-4",29,50,NA,NA,NA,NA,NA,NA
"CatFoodExp2021",2020,2022,16644,"OH",4,7,33,33554,6538,"ChangDay-4",29,50,NA,NA,NA,NA,NA,NA
"CatFoodExp2021",2020,2022,16644,"OH",4,7,33,33554,6539,"ChangDay-2",31,52,NA,NA,NA,NA,NA,NA
"CatFoodExp2021",2020,2022,16644,"OH",4,7,33,33555,6540,"ChangDay-1",32,52,NA,NA,NA,NA,NA,NA
"CatFoodExp2021",2020,2022,16644,"OH",4,7,33,33555,6541,"ChangDay-1",32,NA,70,0.027,NA,NA,NA,NA
"CatFoodExp2021",2020,2022,16644,"OH",4,7,33,33555,6542,"ChangDay-1",32,NA,75,0.023,NA,NA,NA,NA
"CatFoodExp2021",2020,2022,16644,"OH",4,7,33,33556,6543,"ConstDay-2",31,50,NA,NA,NA,NA,NA,NA
"CatFoodExp2021",2020,2022,16644,"OH",4,7,33,33556,6544,"ChangDay0",33,NA,70,0.045,40,0.016,"male","maybe not WM? Very big"
"CatFoodExp2021",2020,2022,16644,"OH",4,7,33,33557,6545,"ChangDay0",33,72,NA,NA,NA,NA,NA,NA
"CatFoodExp2021",2020,2022,16644,"OH",4,7,33,33557,6546,"ChangDay0",33,54,NA,NA,NA,NA,NA,NA
"CatFoodExp2021",2020,2022,16644,"OH",4,7,33,33557,6547,"ConstDay0",33,65,NA,NA,NA,NA,NA,NA
"CatFoodExp2021",2020,2022,16644,"OH",4,7,33,33557,6548,"ConstDay0",33,63,NA,NA,NA,NA,NA,NA
"CatFoodExp2021",2020,2022,16644,"OH",4,7,33,33557,6549,"ConstDay0",33,NA,68,0.052,NA,NA,NA,NA
"CatFoodExp2021",2020,2022,16644,"OH",4,7,33,33558,6550,"ChangDay+1",34,NA,68,0.039,NA,NA,NA,NA
"CatFoodExp2021",2020,2022,16644,"OH",4,7,33,33558,6551,"ChangDay+1",34,NA,70,0.044,NA,NA,NA,NA
"CatFoodExp2021",2020,2022,16644,"OH",4,7,33,33558,6552,"ChangDay+1",34,NA,68,0.054,NA,NA,NA,NA
"CatFoodExp2021",2020,2022,16644,"OH",4,7,33,33559,6553,"ChangDay+3",36,58,NA,NA,NA,NA,NA,NA
"CatFoodExp2021",2020,2022,16644,"OH",4,7,33,33559,6554,"ChangDay+3",36,NA,72,0.026,NA,NA,NA,NA
"CatFoodExp2021",2020,2022,16644,"OH",4,7,33,33559,6555,"ChangDay+3",36,NA,75,0.028,NA,NA,NA,NA
"CatFoodExp2021",2020,2022,16644,"OH",4,7,33,33560,6556,"ChangDay+2",35,NA,72,0.024,NA,NA,NA,NA
"CatFoodExp2021",2020,2022,16644,"OH",4,7,33,33560,6557,"ChangDay+2",35,NA,72,0.037,NA,NA,NA,NA
"CatFoodExp2021",2020,2022,16644,"OH",4,7,33,33560,6558,"ChangDay+2",35,NA,72,0.035,NA,NA,NA,NA
"CatFoodExp2021",2020,2022,16644,"OH",4,7,33,33560,6559,"ConstDay+2",35,NA,70,0.045,60,0.024,"female","still alive when frozen on 10/1/2022"
"CatFoodExp2021",2020,2022,16644,"OH",4,7,33,33560,6560,"ConstDay+2",35,NA,68,0.049,NA,NA,NA,NA
"CatFoodExp2021",2020,2022,16644,"OH",4,7,33,33560,6561,"ConstDay+2",35,56,NA,NA,NA,NA,NA,NA
"CatFoodExp2021",2020,2022,16644,"OH",4,7,33,33560,6562,"ChangDay+4",37,NA,72,0.026,NA,NA,NA,NA
"CatFoodExp2021",2020,2022,16644,"OH",4,7,33,33560,6563,"ChangDay+4",37,58,NA,NA,NA,NA,NA,NA
"CatFoodExp2021",2020,2022,16644,"OH",4,7,33,33560,6564,"ChangDay+4",37,NA,75,0.041,NA,NA,NA,NA
"CatFoodExp2021",2020,2022,16644,"OH",4,7,33,33560,6565,"ConstDay+4",37,NA,77,0.019,NA,NA,NA,NA
"CatFoodExp2021",2020,2022,16644,"OH",4,7,33,33560,6566,"ConstDay+4",37,NA,68,0.031,NA,NA,NA,NA
"CatFoodExp2021",2020,2022,16644,"OH",4,7,33,33560,6567,"ConstDay+4",37,NA,72,0.05,NA,NA,NA,NA
"CatFoodExp2021",2020,2022,16644,"OH",4,7,33,33563,6568,"ChangDay+5",38,58,NA,NA,NA,NA,NA,NA
"CatFoodExp2021",2020,2022,16644,"OH",4,7,33,33563,6569,"ChangDay+5",38,NA,75,0.03,NA,NA,NA,NA
"CatFoodExp2021",2020,2022,16644,"OH",4,7,33,33563,6570,"ChangDay+5",38,62,NA,NA,NA,NA,NA,NA
"CatFoodExp2021",2020,2022,16647,"OH",5,1,33,33567,6571,"ChangDay0",33,NA,70,0.046,NA,NA,NA,NA
"CatFoodExp2021",2020,2022,16647,"OH",5,1,33,33567,6572,"ConstDay0",33,54,NA,NA,NA,NA,NA,NA
"CatFoodExp2021",2020,2022,16647,"OH",5,1,33,33567,6573,"ChangDay-2",31,52,NA,NA,NA,NA,NA,NA
"CatFoodExp2021",2020,2022,16647,"OH",5,1,33,33567,6574,"ChangDay-2",31,52,NA,NA,NA,NA,NA,NA
"CatFoodExp2021",2020,2022,16647,"OH",5,1,33,33567,6575,"ConstDay-2",31,52,NA,NA,NA,NA,NA,NA
"CatFoodExp2021",2020,2022,16647,"OH",5,1,33,33567,6576,"ChangDay-1",32,52,NA,NA,NA,NA,NA,NA
"CatFoodExp2021",2020,2022,16647,"OH",5,1,33,33567,6577,"ConstDay-4",29,50,NA,NA,NA,NA,NA,NA
"CatFoodExp2021",2020,2022,16647,"OH",5,1,33,33568,6578,"ConstDay-4",29,50,NA,NA,NA,NA,NA,NA
"CatFoodExp2021",2020,2022,16647,"OH",5,1,33,33568,6579,"ConstDay-4",29,50,NA,NA,NA,NA,NA,NA
"CatFoodExp2021",2020,2022,16647,"OH",5,1,33,33568,6580,"ChangDay-4",29,50,NA,NA,NA,NA,NA,NA
"CatFoodExp2021",2020,2022,16647,"OH",5,1,33,33568,6581,"ChangDay-4",29,50,NA,NA,NA,NA,NA,NA
"CatFoodExp2021",2020,2022,16647,"OH",5,1,33,33568,6582,"ChangDay-4",29,50,NA,NA,NA,NA,NA,NA
"CatFoodExp2021",2020,2022,16647,"OH",5,1,33,33568,6583,"ChangDay-1",32,NA,68,0.045,NA,NA,NA,NA
"CatFoodExp2021",2020,2022,16647,"OH",5,1,33,33568,6584,"ConstDay0",33,54,NA,NA,NA,NA,NA,NA
"CatFoodExp2021",2020,2022,16647,"OH",5,1,33,33568,6585,"ConstDay0",33,NA,70,0.043,NA,NA,NA,NA
"CatFoodExp2021",2020,2022,16647,"OH",5,1,33,33568,6586,"ChangDay0",33,54,NA,NA,NA,NA,NA,NA
"CatFoodExp2021",2020,2022,16647,"OH",5,1,33,33568,6587,"ChangDay0",33,54,NA,NA,NA,NA,NA,NA
"CatFoodExp2021",2020,2022,16647,"OH",5,1,33,33569,6588,"ConstDay-2",31,50,NA,NA,NA,NA,NA,NA
"CatFoodExp2021",2020,2022,16647,"OH",5,1,33,33569,6589,"ChangDay+1",34,54,NA,NA,NA,NA,NA,NA
"CatFoodExp2021",2020,2022,16647,"OH",5,1,33,33569,6590,"ChangDay+1",34,NA,72,0.041,NA,NA,NA,NA
"CatFoodExp2021",2020,2022,16647,"OH",5,1,33,33569,6591,"ChangDay-3",30,50,NA,NA,NA,NA,NA,NA
"CatFoodExp2021",2020,2022,16647,"OH",5,1,33,33569,6592,"ChangDay-3",30,50,NA,NA,NA,NA,NA,NA
"CatFoodExp2021",2020,2022,16647,"OH",5,1,33,33570,6593,"ChangDay-3",30,50,NA,NA,NA,NA,NA,NA
"CatFoodExp2021",2020,2022,16647,"OH",5,1,33,33570,6594,"ChangDay-1",32,52,NA,NA,NA,NA,NA,NA
"CatFoodExp2021",2020,2022,16647,"OH",5,1,33,33570,6595,"ConstDay-2",31,77,NA,NA,NA,NA,NA,NA
"CatFoodExp2021",2020,2022,16647,"OH",5,1,33,33570,6596,"ChangDay-2",31,52,NA,NA,NA,NA,NA,NA
"CatFoodExp2021",2020,2022,16647,"OH",5,1,33,33570,6597,"ChangDay+3",36,NA,75,0.019,NA,NA,NA,NA
"CatFoodExp2021",2020,2022,16647,"OH",5,1,33,33570,6598,"ChangDay+3",36,56,NA,NA,NA,NA,NA,NA
"CatFoodExp2021",2020,2022,16647,"OH",5,1,33,33570,6599,"ChangDay+3",36,56,NA,NA,NA,NA,NA,NA
"CatFoodExp2021",2020,2022,16647,"OH",5,1,33,33572,6600,"ConstDay+4",37,NA,70,0.038,NA,NA,NA,NA
"CatFoodExp2021",2020,2022,16647,"OH",5,1,33,33573,6601,"ChangDay+4",37,58,NA,NA,NA,NA,NA,NA
"CatFoodExp2021",2020,2022,16647,"OH",5,1,33,33573,6602,"ChangDay+5",38,68,NA,NA,NA,NA,NA,NA
"CatFoodExp2021",2020,2022,16647,"OH",5,1,33,33573,6603,"ChangDay+5",38,NA,75,0.038,NA,NA,NA,NA
"CatFoodExp2021",2020,2022,16647,"OH",5,1,33,33573,6604,"ChangDay+5",38,65,NA,NA,NA,NA,NA,NA
"CatFoodExp2021",2020,2022,16647,"OH",5,1,33,33574,6605,"ConstDay+2",35,NA,68,0.056,NA,NA,NA,NA
"CatFoodExp2021",2020,2022,16647,"OH",5,1,33,33574,6606,"ChangDay+1",34,54,NA,NA,NA,NA,NA,NA
"CatFoodExp2021",2020,2022,16647,"OH",5,1,33,33575,6607,"ChangDay+2",35,56,NA,NA,NA,NA,NA,NA
"CatFoodExp2021",2020,2022,16647,"OH",5,1,33,33575,6608,"ChangDay+2",35,56,NA,NA,NA,NA,NA,NA
"CatFoodExp2021",2020,2022,16647,"OH",5,1,33,33575,6609,"ChangDay+2",35,62,NA,NA,NA,NA,NA,NA
"CatFoodExp2021",2020,2022,16647,"OH",5,1,33,33575,6610,"ConstDay+2",35,79,NA,NA,NA,NA,NA,NA
"CatFoodExp2021",2020,2022,16647,"OH",5,1,33,33575,6611,"ConstDay+2",35,NA,68,0.044,NA,NA,NA,NA
"CatFoodExp2021",2020,2022,16647,"OH",5,1,33,33576,6612,"ConstDay+4",37,58,NA,NA,NA,NA,NA,NA
"CatFoodExp2021",2020,2022,16647,"OH",5,1,33,33576,6613,"ConstDay+4",37,NA,75,0.025,NA,NA,NA,NA
"CatFoodExp2021",2020,2022,16647,"OH",5,1,33,33576,6614,"ChangDay+4",37,NA,70,0.045,NA,NA,NA,NA
"CatFoodExp2021",2020,2022,16647,"OH",5,1,33,33576,6615,"ChangDay+4",37,58,NA,NA,NA,NA,NA,NA
"CatFoodExp2021",2020,2022,16845,"DO",4,4,40,33579,6616,"ConstDay-2",31,52,NA,NA,NA,NA,NA,NA
"CatFoodExp2021",2020,2022,16845,"DO",4,4,40,33579,6617,"ConstDay-4",29,50,NA,NA,NA,NA,NA,NA
"CatFoodExp2021",2020,2022,16845,"DO",4,4,40,33579,6619,"ConstDay-4",29,50,NA,NA,NA,NA,NA,NA
"CatFoodExp2021",2020,2022,16845,"DO",4,4,40,33579,6620,"ChangDay-3",30,50,NA,NA,NA,NA,NA,NA
"CatFoodExp2021",2020,2022,16845,"DO",4,4,40,33580,6621,"ChangDay-4",29,50,NA,NA,NA,NA,NA,NA
"CatFoodExp2021",2020,2022,16845,"DO",4,4,40,33580,6622,"ChangDay-4",29,50,NA,NA,NA,NA,NA,NA
"CatFoodExp2021",2020,2022,16845,"DO",4,4,40,33581,6624,"ChangDay-1",32,52,NA,NA,NA,NA,NA,NA
"CatFoodExp2021",2020,2022,16845,"DO",4,4,40,33581,6625,"ChangDay-1",32,52,NA,NA,NA,NA,NA,NA
"CatFoodExp2021",2020,2022,16845,"DO",4,4,40,33581,6626,"ChangDay-1",32,52,NA,NA,NA,NA,NA,NA
"CatFoodExp2021",2020,2022,16845,"DO",4,4,40,33581,6627,"ChangDay-3",30,50,NA,NA,NA,NA,NA,NA
"CatFoodExp2021",2020,2022,16845,"DO",4,4,40,33581,6628,"ConstDay-2",31,50,NA,NA,NA,NA,NA,NA
"CatFoodExp2021",2020,2022,16845,"DO",4,4,40,33581,6629,"ConstDay-2",31,52,NA,NA,NA,NA,NA,NA
"CatFoodExp2021",2020,2022,16845,"DO",4,4,40,33581,6630,"ConstDay0",33,54,NA,NA,NA,NA,NA,NA
"CatFoodExp2021",2020,2022,16845,"DO",4,4,40,33582,6631,"ConstDay0",33,63,NA,NA,NA,NA,NA,NA
"CatFoodExp2021",2020,2022,16845,"DO",4,4,40,33582,6632,"ChangDay-2",31,52,NA,NA,NA,NA,NA,NA
"CatFoodExp2021",2020,2022,16845,"DO",4,4,40,33582,6633,"ChangDay-2",31,52,NA,NA,NA,NA,NA,NA
"CatFoodExp2021",2020,2022,16845,"DO",4,4,40,33582,6634,"ChangDay0",33,54,NA,NA,NA,NA,NA,NA
"CatFoodExp2021",2020,2022,16845,"DO",4,4,40,33582,6635,"ChangDay0",33,68,NA,NA,NA,NA,NA,NA
"CatFoodExp2021",2020,2022,16845,"DO",4,4,40,33582,6636,"ChangDay-3",30,50,NA,NA,NA,NA,NA,NA
"CatFoodExp2021",2020,2022,16845,"DO",4,4,40,33583,6637,"ChangDay0",33,NA,70,0.045,NA,NA,NA,NA
"CatFoodExp2021",2020,2022,16845,"DO",4,4,40,33583,6638,"ChangDay-2",31,52,NA,NA,NA,NA,NA,NA
"CatFoodExp2021",2020,2022,16845,"DO",4,4,40,33583,6639,"ConstDay0",33,NA,79,0.041,NA,NA,NA,NA
"CatFoodExp2021",2020,2022,16845,"DO",4,4,40,33584,6640,"ConstDay+2",35,NA,70,0.038,NA,NA,NA,NA
"CatFoodExp2021",2020,2022,16845,"DO",4,4,40,33584,6641,"ConstDay+2",35,NA,70,0.046,NA,NA,NA,NA
"CatFoodExp2021",2020,2022,16845,"DO",4,4,40,33585,6642,"ChangDay+2",35,56,NA,NA,NA,NA,NA,NA
"CatFoodExp2021",2020,2022,16845,"DO",4,4,40,33585,6643,"ChangDay+1",34,54,NA,NA,NA,NA,NA,NA
"CatFoodExp2021",2020,2022,16845,"DO",4,4,40,33585,6644,"ChangDay+1",34,62,NA,NA,NA,NA,NA,NA
"CatFoodExp2021",2020,2022,16845,"DO",4,4,40,33585,6645,"ChangDay+1",34,NA,72,0.043,NA,NA,NA,NA
"CatFoodExp2021",2020,2022,16845,"DO",4,4,40,33586,6646,"ChangDay+2",35,56,NA,NA,NA,NA,NA,NA
"CatFoodExp2021",2020,2022,16845,"DO",4,4,40,33586,6647,"ChangDay+2",35,NA,72,0.034,NA,NA,NA,NA
"CatFoodExp2021",2020,2022,16845,"DO",4,4,40,33586,6648,"ConstDay+2",35,NA,70,0.037,NA,NA,NA,NA
"CatFoodExp2021",2020,2022,16845,"DO",4,4,40,33586,6649,"ChangDay+5",38,NA,79,0.022,NA,NA,NA,NA
"CatFoodExp2021",2020,2022,16845,"DO",4,4,40,33586,6650,"ChangDay+5",38,82,NA,NA,NA,NA,NA,NA
"CatFoodExp2021",2020,2022,16845,"DO",4,4,40,33586,6651,"ChangDay+5",38,65,NA,NA,NA,NA,NA,NA
"CatFoodExp2021",2020,2022,16845,"DO",4,4,40,33587,6652,"ChangDay+4",37,NA,75,0.026,NA,NA,NA,NA
"CatFoodExp2021",2020,2022,16845,"DO",4,4,40,33587,6653,"ConstDay+4",37,65,NA,NA,NA,NA,NA,NA
"CatFoodExp2021",2020,2022,16845,"DO",4,4,40,33587,6654,"ConstDay+4",37,NA,72,0.039,NA,NA,NA,NA
"CatFoodExp2021",2020,2022,16845,"DO",4,4,40,33587,6655,"ConstDay+4",37,NA,75,0.021,NA,NA,NA,NA
"CatFoodExp2021",2020,2022,16845,"DO",4,4,40,33588,6656,"ChangDay+4",37,68,NA,NA,NA,NA,NA,NA
"CatFoodExp2021",2020,2022,16845,"DO",4,4,40,33588,6657,"ChangDay+3",36,NA,70,0.023,NA,NA,NA,NA
"CatFoodExp2021",2020,2022,16845,"DO",4,4,40,33588,6658,"ChangDay+3",36,58,NA,NA,NA,NA,NA,NA
"CatFoodExp2021",2020,2022,16845,"DO",4,4,40,33588,6659,"ChangDay+3",36,NA,68,0.05,NA,NA,NA,NA
"CatFoodExp2021",2020,2022,16845,"DO",4,4,40,33589,6660,"ChangDay+4",37,NA,72,0.022,NA,NA,NA,NA
"CatFoodExp2021",2020,2022,16871,"WA",2,12,40,33590,6661,"ChangDay-1",32,NA,72,0.034,NA,NA,NA,NA
"CatFoodExp2021",2020,2022,16871,"WA",2,12,40,33590,6662,"ChangDay-1",32,52,NA,NA,NA,NA,NA,NA
"CatFoodExp2021",2020,2022,16871,"WA",2,12,40,33590,6663,"ChangDay-1",32,52,NA,NA,NA,NA,NA,NA
"CatFoodExp2021",2020,2022,16871,"WA",2,12,40,33590,6664,"ConstDay-4",29,50,NA,NA,NA,NA,NA,NA
"CatFoodExp2021",2020,2022,16871,"WA",2,12,40,33591,6665,"ConstDay-4",29,50,NA,NA,NA,NA,NA,NA
"CatFoodExp2021",2020,2022,16871,"WA",2,12,40,33591,6666,"ConstDay-4",29,50,NA,NA,NA,NA,NA,NA
"CatFoodExp2021",2020,2022,16871,"WA",2,12,40,33591,6667,"ChangDay-4",29,50,NA,NA,NA,NA,NA,NA
"CatFoodExp2021",2020,2022,16871,"WA",2,12,40,33591,6668,"ChangDay-4",29,50,NA,NA,NA,NA,NA,NA
"CatFoodExp2021",2020,2022,16871,"WA",2,12,40,33591,6669,"ChangDay-4",29,50,NA,NA,NA,NA,NA,NA
"CatFoodExp2021",2020,2022,16871,"WA",2,12,40,33591,6670,"ConstDay-2",31,52,NA,NA,NA,NA,NA,NA
"CatFoodExp2021",2020,2022,16871,"WA",2,12,40,33592,6671,"ChangDay0",33,54,NA,NA,NA,NA,NA,NA
"CatFoodExp2021",2020,2022,16871,"WA",2,12,40,33592,6672,"ConstDay0",33,63,NA,NA,NA,NA,NA,NA
"CatFoodExp2021",2020,2022,16871,"WA",2,12,40,33592,6673,"ChangDay-3",30,NA,72,0.038,NA,NA,NA,NA
"CatFoodExp2021",2020,2022,16871,"WA",2,12,40,33592,6674,"ChangDay-3",30,50,NA,NA,NA,NA,NA,NA
"CatFoodExp2021",2020,2022,16871,"WA",2,12,40,33593,6675,"ChangDay-3",30,50,NA,NA,NA,NA,NA,NA
"CatFoodExp2021",2020,2022,16871,"WA",2,12,40,33593,6676,"ConstDay0",33,NA,72,0.026,NA,NA,NA,NA
"CatFoodExp2021",2020,2022,16871,"WA",2,12,40,33593,6677,"ConstDay-2",31,50,NA,NA,NA,NA,NA,NA
"CatFoodExp2021",2020,2022,16871,"WA",2,12,40,33593,6678,"ChangDay-2",31,52,NA,NA,NA,NA,NA,NA
"CatFoodExp2021",2020,2022,16871,"WA",2,12,40,33594,6679,"ChangDay-2",31,52,NA,NA,NA,NA,NA,NA
"CatFoodExp2021",2020,2022,16871,"WA",2,12,40,33594,6680,"ChangDay-2",31,NA,72,0.035,NA,NA,NA,NA
"CatFoodExp2021",2020,2022,16871,"WA",2,12,40,33594,6681,"ConstDay0",33,54,NA,NA,NA,NA,NA,NA
"CatFoodExp2021",2020,2022,16871,"WA",2,12,40,33594,6682,"ChangDay0",33,54,NA,NA,NA,NA,NA,NA
"CatFoodExp2021",2020,2022,16871,"WA",2,12,40,33594,6683,"ChangDay0",33,NA,68,0.056,NA,NA,NA,NA
"CatFoodExp2021",2020,2022,16871,"WA",2,12,40,33595,6684,"ChangDay+4",37,62,NA,NA,NA,NA,NA,NA
"CatFoodExp2021",2020,2022,16871,"WA",2,12,40,33595,6685,"ChangDay+4",37,58,NA,NA,NA,NA,NA,NA
"CatFoodExp2021",2020,2022,16871,"WA",2,12,40,33595,6686,"ConstDay+4",37,58,NA,NA,NA,NA,NA,NA
"CatFoodExp2021",2020,2022,16871,"WA",2,12,40,33595,6687,"ConstDay+4",37,58,NA,NA,NA,NA,NA,NA
"CatFoodExp2021",2020,2022,16871,"WA",2,12,40,33595,6688,"ChangDay+3",36,NA,75,0.026,NA,NA,NA,NA
"CatFoodExp2021",2020,2022,16871,"WA",2,12,40,33595,6689,"ChangDay+3",36,NA,72,0.024,NA,NA,NA,NA
"CatFoodExp2021",2020,2022,16871,"WA",2,12,40,33595,6690,"ChangDay+3",36,NA,72,0.041,NA,NA,NA,NA
"CatFoodExp2021",2020,2022,16871,"WA",2,12,40,33596,6691,"ConstDay+2",35,NA,72,0.04,NA,NA,NA,NA
"CatFoodExp2021",2020,2022,16871,"WA",2,12,40,33596,6692,"ChangDay+1",34,54,NA,NA,NA,NA,NA,NA
"CatFoodExp2021",2020,2022,16871,"WA",2,12,40,33596,6693,"ChangDay+1",34,NA,72,0.047,NA,NA,NA,NA
"CatFoodExp2021",2020,2022,16871,"WA",2,12,40,33596,6694,"ChangDay+1",34,NA,72,0.04,NA,NA,NA,NA
"CatFoodExp2021",2020,2022,16871,"WA",2,12,40,33597,6695,"ChangDay+2",35,NA,75,0.04,NA,NA,NA,NA
"CatFoodExp2021",2020,2022,16871,"WA",2,12,40,33597,6696,"ChangDay+5",38,NA,75,0.034,NA,NA,NA,NA
"CatFoodExp2021",2020,2022,16871,"WA",2,12,40,33597,6697,"ChangDay+5",38,77,NA,NA,NA,NA,NA,NA
"CatFoodExp2021",2020,2022,16871,"WA",2,12,40,33597,6698,"ChangDay+5",38,NA,77,0.027,NA,NA,NA,NA
"CatFoodExp2021",2020,2022,16871,"WA",2,12,40,33598,6699,"ChangDay+2",35,56,NA,NA,NA,NA,NA,NA
"CatFoodExp2021",2020,2022,16871,"WA",2,12,40,33598,6700,"ChangDay+2",35,63,NA,NA,NA,NA,NA,NA
"CatFoodExp2021",2020,2022,16871,"WA",2,12,40,33598,6701,"ConstDay+2",35,65,NA,NA,NA,NA,NA,NA
"CatFoodExp2021",2020,2022,16871,"WA",2,12,40,33598,6702,"ConstDay+2",35,75,NA,NA,NA,NA,NA,NA
"CatFoodExp2021",2020,2022,16871,"WA",2,12,40,33599,6703,"ConstDay+4",37,NA,79,0.035,NA,NA,NA,NA
"CatFoodExp2021",2020,2022,16871,"WA",2,12,40,33599,6704,"ChangDay+4",37,NA,75,0.029,NA,NA,NA,NA
"CatFoodExp2021",2020,2022,16331,"WA",1,1,16,34359,6705,"ChangDay+4",37,58,NA,NA,NA,NA,NA,NA
"CatFoodExp2021",2020,2022,16331,"WA",1,1,16,34360,6706,"ChangDay+5",38,70,NA,NA,NA,NA,NA,NA
"CatFoodExp2021",2020,2022,16331,"WA",1,1,16,34360,6707,"ChangDay+5",38,58,NA,NA,NA,NA,NA,NA
"CatFoodExp2021",2020,2022,16331,"WA",1,1,16,34360,6708,"ChangDay+5",38,NA,79,0.027,NA,NA,NA,NA
"CatFoodExp2021",2020,2022,16331,"WA",1,1,16,34361,6709,"ChangDay+4",37,58,NA,NA,NA,NA,NA,NA
"CatFoodExp2021",2020,2022,16331,"WA",1,1,16,34361,6710,"ChangDay+4",37,58,NA,NA,NA,NA,NA,NA
"CatFoodExp2021",2020,2022,16331,"WA",1,1,16,34361,6711,"ConstDay+4",37,68,NA,NA,NA,NA,NA,NA
"CatFoodExp2021",2020,2022,16331,"WA",1,1,16,34361,6712,"ConstDay+4",37,63,NA,NA,NA,NA,NA,NA
"CatFoodExp2021",2020,2022,16331,"WA",1,1,16,34361,6713,"ConstDay+4",37,58,NA,NA,NA,NA,NA,NA
"CatFoodExp2021",2020,2022,16403,"OH",6,8,23,34362,6714,"ConstDay+4",37,58,NA,NA,NA,NA,NA,NA
"CatFoodExp2021",2020,2022,16403,"OH",6,8,23,34362,6715,"ConstDay+4",37,58,NA,NA,NA,NA,NA,NA
"CatFoodExp2021",2020,2022,16403,"OH",6,8,23,34362,6716,"ChangDay+3",36,65,NA,NA,NA,NA,NA,NA
"CatFoodExp2021",2020,2022,16403,"OH",6,8,23,34362,6717,"ChangDay+3",36,56,NA,NA,NA,NA,NA,NA
"CatFoodExp2021",2020,2022,16403,"OH",6,8,23,34362,6718,"ChangDay+3",36,56,NA,NA,NA,NA,NA,NA
"CatFoodExp2021",2020,2022,16403,"OH",6,8,23,34362,6719,"ChangDay+4",37,58,NA,NA,NA,NA,NA,NA
"CatFoodExp2021",2020,2022,16403,"OH",6,8,23,34362,6720,"ChangDay+4",37,NA,77,0.021,NA,NA,NA,NA
"CatFoodExp2021",2020,2022,16403,"OH",6,8,23,34363,6721,"ChangDay+4",37,58,NA,NA,NA,NA,NA,NA
"CatFoodExp2021",2020,2022,16403,"OH",6,8,23,34363,6722,"ConstDay+4",37,NA,77,0.051,NA,NA,NA,NA
"CatFoodExp2021",2020,2022,16403,"OH",6,8,23,34363,6723,"ChangDay+5",38,58,NA,NA,NA,NA,NA,NA
"CatFoodExp2021",2020,2022,16403,"OH",6,8,23,34363,6724,"ChangDay+5",38,NA,75,0.023,NA,NA,NA,NA
"CatFoodExp2021",2020,2022,16403,"OH",6,8,23,34363,6725,"ChangDay+5",38,58,NA,NA,NA,NA,NA,NA
"CatFoodExp2021",2020,2022,16454,"WA",3,10,23,34364,6726,"ChangDay+5",38,70,NA,NA,NA,NA,NA,NA
"CatFoodExp2021",2020,2022,16454,"WA",3,10,23,34364,6727,"ChangDay+5",38,NA,79,0.013,NA,NA,NA,NA
"CatFoodExp2021",2020,2022,16454,"WA",3,10,23,34364,6728,"ChangDay+5",38,68,NA,NA,NA,NA,NA,NA
